"annotation_id","annotator","created_at","id","lead_time","sentiment","text","updated_at"
17,"1","2025-04-17T14:35:01.270246Z",1,7.799,"Neutral","With cybersecurity things become easier, you can use google to spy on someone find documents and many more and it legal as long as you dont share or use it in any way","2025-04-17T14:35:01.270246Z"
18,"1","2025-04-17T14:35:12.886603Z",2,11.434,"Negative","im a sol bull and i think 2500 is ridic","2025-04-17T14:35:12.886603Z"
19,"1","2025-04-17T14:35:21.547381Z",3,8.48,"Neutral","Who all are knowing everything but are still watching the video üòÅüòÅ","2025-04-17T14:35:21.547381Z"
20,"1","2025-04-17T14:36:17.054423Z",4,55.33,"Negative","@themuttmart I am lost. Please help me find a good home. ","2025-04-17T14:36:17.054423Z"
21,"1","2025-04-17T14:36:21.158224Z",5,3.905,"Neutral","¬†@Randomly_Random99¬† Sure!","2025-04-17T14:36:21.158224Z"
22,"1","2025-04-17T14:36:35.922630Z",6,14.593,"Positive","holy shit that was insane. I can't believe I haven't seen this battle until now.","2025-04-17T14:36:35.922630Z"
23,"1","2025-04-17T14:36:40.135463Z",7,4.018,"Neutral","La rreseta esta muy deliciosa pero muy. Lenta desespera  desde barra√±quillaüòÄüòÉü§£ü§£","2025-04-17T14:36:40.135463Z"
24,"1","2025-04-17T14:36:42.490168Z",8,2.183,"Neutral","Em","2025-04-17T14:36:42.490168Z"
25,"1","2025-04-17T14:36:49.294702Z",9,6.608,"Neutral","Am back just had to deal with a dead budgie ","2025-04-17T14:36:49.294702Z"
26,"1","2025-04-17T14:36:52.772834Z",10,3.308,"Neutral","Give me a @bing invite noooooow!!  ","2025-04-17T14:36:52.772834Z"
27,"1","2025-04-17T14:36:54.334952Z",11,1.368,"Neutral","Oh... Maybe i'll come visit you... ","2025-04-17T14:36:54.334952Z"
28,"1","2025-04-17T14:36:56.937941Z",12,2.421,"Neutral","I'm surprised that this name is being mentioned here, I stumbled upon one of his clients testimonies on CNBC news last week...","2025-04-17T14:36:56.937941Z"
29,"1","2025-04-17T14:37:00.434229Z",13,3.315,"Neutral","‚ù§üò¢","2025-04-17T14:37:00.434229Z"
30,"1","2025-04-17T14:37:10.389815Z",14,9.778,"Neutral","@Orchidflower The humans are all fine but we have an unwelcome colony of ants to deal with... they went but now back ","2025-04-17T14:37:10.389815Z"
31,"1","2025-04-17T14:37:13.296499Z",15,2.418,"Neutral","lazy dayzzzz, j.o.n.a.s premieres tonight though! ","2025-04-17T14:37:13.296499Z"
32,"1","2025-04-17T14:37:21.147657Z",16,7.663,"Negative","Both dogs having surgery plus crazy day at the office equals anticipating  stress.  it'll be fine. Get through it.","2025-04-17T14:37:21.147657Z"
33,"1","2025-04-17T14:37:25.334381Z",17,4.016,"Neutral","Good Thursday Morning! I'm still sleepy but can't sleep anymore.  ","2025-04-17T14:37:25.334381Z"
34,"1","2025-04-17T14:37:33.108095Z",18,7.592,"Negative","@websitejeff awww you r not ugly! (via @OneRideWarrior) see I say something nice and you ignore me.... ","2025-04-17T14:37:33.108095Z"
35,"1","2025-04-17T14:37:43.049781Z",19,9.77,"Neutral","Kate Nash inspires deep mother conversations. I an 12 minutes late for work bc mom was slow. ","2025-04-17T14:37:43.049781Z"
36,"1","2025-04-17T14:37:46.502774Z",20,3.281,"Neutral","so it's 230am and i just finished making an army load of chicken salad. busy life, I have! ","2025-04-17T14:37:46.502774Z"
37,"1","2025-04-17T14:37:50.659813Z",21,3.982,"Neutral","@_ophelia lol its too big for free yousendit, lol will have to split it ","2025-04-17T14:37:50.659813Z"
38,"1","2025-04-17T14:37:57.568439Z",22,6.733,"Neutral","Not sleep but i should be. Gotta work in the am. ","2025-04-17T14:37:57.568439Z"
39,"1","2025-04-17T14:38:02.980933Z",23,5.239,"Neutral","I'm not really into cars, what does this mean?","2025-04-17T14:38:02.980933Z"
40,"1","2025-04-17T14:38:06.283562Z",24,3.124,"Negative","@lucylumcfly mmmmm yeah! History for me, suckkkky Vietnam! Hahaha my wet hair a dripping everywhere  x x x","2025-04-17T14:38:06.283562Z"
41,"1","2025-04-17T14:38:10.459123Z",25,3.989,"Neutral","need to lose weight!!! Been eating so much lately,. ","2025-04-17T14:38:10.459123Z"
42,"1","2025-04-17T14:38:12.320864Z",26,1.685,"Neutral","Sorry if i forgot you.  Haha","2025-04-17T14:38:12.320864Z"
43,"1","2025-04-17T14:38:13.786528Z",27,1.292,"Neutral","–•","2025-04-17T14:38:13.786528Z"
44,"1","2025-04-17T14:38:21.146465Z",28,7.191,"Neutral","@alaina_ I would looove to save you. But I've offically stiffened up to the point where I can't move.  owwie.","2025-04-17T14:38:21.146465Z"
45,"1","2025-04-17T14:38:25.109241Z",29,3.795,"Neutral","Using Twitter may be &quot;tweeting&quot; but @LinaMbirkou definitely seems to be &quot;twittering&quot;. Here's a quote back at ya: less is more ","2025-04-17T14:38:25.109241Z"
46,"1","2025-04-17T14:38:26.726911Z",30,1.43,"Neutral","26:20 oh my god listening to this now...","2025-04-17T14:38:26.726911Z"
47,"1","2025-04-17T14:38:29.872615Z",31,2.953,"Negative","Sooo ready for this movie @yourdailythomas i must be a bad date b/c he always rejects me ","2025-04-17T14:38:29.872615Z"
48,"1","2025-04-17T14:38:32.393956Z",32,2.343,"Neutral","Literally learnt more from you than 4 years in college","2025-04-17T14:38:32.393956Z"
49,"1","2025-04-17T14:38:34.362371Z",33,1.809,"Negative","@piciwarelungi I am lost. Please help me find a good home. ","2025-04-17T14:38:34.362371Z"
50,"1","2025-04-17T14:38:39.341618Z",34,4.629,"Neutral","Missing the good ol' days ","2025-04-17T14:38:39.341618Z"
51,"1","2025-04-17T14:38:42.576859Z",35,3.035,"Neutral","@timeandtempest Y'know fibromyalgia's real, right? I have the precusor to it. ","2025-04-17T14:38:42.576859Z"
52,"1","2025-04-17T14:38:48.402363Z",36,5.653,"Positive","@evilgumbo  neighbors aint that bad!","2025-04-17T14:38:48.402363Z"
53,"1","2025-04-17T14:38:58.605888Z",37,10.031,"Neutral","Lions lost against South Africa 2day...  but we gave them a good match next time we will win ! xxx","2025-04-17T14:38:58.605888Z"
54,"1","2025-04-17T14:39:04.503910Z",38,5.728,"Neutral","Too hungover from brilliant night to study  Exam in the morning!","2025-04-17T14:39:04.503910Z"
55,"1","2025-04-17T14:39:08.186740Z",39,3.487,"Negative","No more puppet commercials!!! YES!!! No more stupid vitamin water commercials!!! Yes!!! DWIGHT DETHRONES THE KING TONIGHT!!!! Sad really ","2025-04-17T14:39:08.186740Z"
56,"1","2025-04-17T14:39:11.823832Z",40,3.465,"Neutral","read my novel BILLY pls plsplsssss and comment thank you.","2025-04-17T14:39:11.823832Z"
57,"1","2025-04-17T14:39:13.660421Z",41,1.67,"Neutral","XAI70Z will do far more than 20x.","2025-04-17T14:39:13.660421Z"
58,"1","2025-04-17T14:39:15.323616Z",42,1.454,"Neutral","@BillHarper I used to kind of like Simon on Play School ","2025-04-17T14:39:15.323616Z"
59,"1","2025-04-17T14:39:18.664002Z",43,3.168,"Neutral","I miss my Flash Gordon! For those of you who don't know, that's my car! ","2025-04-17T14:39:18.664002Z"
60,"1","2025-04-17T14:39:23.161754Z",44,4.3,"Neutral","Andy's for lunch before running errands then heading home to catch up on some work &amp; chores. Shouldn't have been so lazy yesterday ","2025-04-17T14:39:23.161754Z"
61,"1","2025-04-17T14:39:27.522795Z",45,4.183,"Positive","FACTS","2025-04-17T14:39:27.522795Z"
62,"1","2025-04-17T14:39:31.561723Z",46,3.867,"Positive","Watching in 2025. Old as gold. ü•∫","2025-04-17T14:39:31.561723Z"
63,"1","2025-04-17T14:39:33.583913Z",47,1.84,"Neutral","@Tekima   Pwease come to Melbourne  ","2025-04-17T14:39:33.583913Z"
64,"1","2025-04-17T14:39:37.445848Z",48,3.695,"Neutral","its the night before 2 exams and im sitting down to watch a norwegian zombie-nazi horror-comedy, dead snow...i got my priorities straight ","2025-04-17T14:39:37.445848Z"
65,"1","2025-04-17T14:39:44.354646Z",49,6.728,"Neutral","24:05 not surprised that the government took the treasure. Like they have a right to all historical finds!","2025-04-17T14:39:44.354646Z"
66,"1","2025-04-17T14:39:46.945632Z",50,2.41,"Neutral","Great timing I was thinking of ditching Pinterest lately","2025-04-17T14:39:46.945632Z"
67,"1","2025-04-17T14:39:50.686137Z",51,3.566,"Negative","i miss her latest flame so much! oh my ","2025-04-17T14:39:50.686137Z"
68,"1","2025-04-17T14:39:54.146564Z",52,3.289,"Neutral","@JoshuaFriend666 good point. my apartment is 3 hrs away from here. i'm living with my momma ","2025-04-17T14:39:54.146564Z"
69,"1","2025-04-17T14:39:57.595477Z",53,3.272,"Neutral","Even with a 2B I end up going too dark. How do you lighten marks? Rolling a kneaded eraser or something?","2025-04-17T14:39:57.595477Z"
70,"1","2025-04-17T14:40:09.902063Z",54,12.133,"Neutral","One might argue that if you were that brilliant, you would have figured out a way to overcome those obstaclesü§∑‚Äç‚ôÇÔ∏è","2025-04-17T14:40:09.902063Z"
71,"1","2025-04-17T14:40:18.426005Z",55,8.348,"Neutral","China would do better to find a way to make water. The world is running dry and the popuation is still growing expodentially. It's not rocket science.","2025-04-17T14:40:18.426005Z"
72,"1","2025-04-17T14:40:21.971737Z",56,3.375,"Negative","@emilyoftexas I'm sorry.    But you learned about a new place today!","2025-04-17T14:40:21.971737Z"
73,"1","2025-04-17T14:40:24.058944Z",57,1.909,"Negative","@XXXTJCummings  i miss being single ","2025-04-17T14:40:24.058944Z"
74,"1","2025-04-17T14:40:27.103251Z",58,2.867,"Neutral","@hollybeane  better than undead sausages","2025-04-17T14:40:27.103251Z"
75,"1","2025-04-17T14:40:31.911095Z",59,4.633,"Neutral","@the_real_nash eat some balut, and you're in, dude. We don't ask for much  http://en.wikipedia.org/wiki/Balut_(egg)","2025-04-17T14:40:31.911095Z"
76,"1","2025-04-17T14:40:35.719185Z",60,3.639,"Neutral","100 days of not complaining.","2025-04-17T14:40:35.719185Z"
77,"1","2025-04-17T14:40:37.594981Z",61,1.705,"Neutral","üññ","2025-04-17T14:40:37.594981Z"
78,"1","2025-04-17T14:40:49.373133Z",62,11.612,"Neutral","lol @rosiehancock Misunderestimated - whats wrong with that word? Also, been thinking bout your harsh truth and I have to say u are right ","2025-04-17T14:40:49.373133Z"
79,"1","2025-04-17T14:40:53.975499Z",63,4.419,"Neutral","Forrest has me ready to go to the bank and take out a loan","2025-04-17T14:40:53.975499Z"
80,"1","2025-04-17T14:40:57.488867Z",64,3.344,"Neutral","OK LOL","2025-04-17T14:40:57.488867Z"
81,"1","2025-04-17T14:40:59.597145Z",65,1.932,"Neutral","Bored at the mall.  won't you come and entertain me?  http://twitpic.com/7rd5x","2025-04-17T14:40:59.597145Z"
82,"1","2025-04-17T14:41:02.965639Z",66,3.192,"Positive","@PerezHilton No, Kristen is not annoying. I love how awkward she is. ","2025-04-17T14:41:02.965639Z"
83,"1","2025-04-17T14:41:09.748252Z",67,6.611,"Neutral","Looks like the squirrel is in particularly rare form t'day! ","2025-04-17T14:41:09.748252Z"
84,"1","2025-04-17T14:41:12.846035Z",68,2.915,"Positive"," the kings of leon used to be so good. this song was not made to sound good played live. thanks for selling out","2025-04-17T14:41:12.846035Z"
85,"1","2025-04-17T14:41:24.694921Z",69,11.672,"Negative","Foiled again! Being dragged out by parents at a moments notice. I want to draw! ","2025-04-17T14:41:24.694921Z"
86,"1","2025-04-17T14:41:26.320920Z",70,1.449,"Neutral","@Vivienne_m do it up ","2025-04-17T14:41:26.320920Z"
87,"1","2025-04-17T14:41:29.474703Z",71,2.971,"Neutral","Ha. Well, that's true. But he was a very carnal man.","2025-04-17T14:41:29.474703Z"
88,"1","2025-04-17T14:41:32.261980Z",72,2.613,"Positive","0:12  How can you get between two trees? It's unbelievable.","2025-04-17T14:41:32.263358Z"
89,"1","2025-04-17T14:41:40.025681Z",73,7.577,"Neutral","watching CCEA then hw time; still sick ","2025-04-17T14:41:40.025681Z"
90,"1","2025-04-17T14:41:42.216877Z",74,1.984,"Neutral","@nicholaschan you went KL? no invite me! ","2025-04-17T14:41:42.216877Z"
91,"1","2025-04-17T14:41:48.343634Z",75,5.953,"Neutral","Okey this sounds crazy but all i was thinking is, ‚Äûdont all himans wirk like this‚Äú 
Yes i am all the things you said but i thout it was a human thing like everybody is this way‚Äú.","2025-04-17T14:41:48.343634Z"
92,"1","2025-04-17T14:41:55.975213Z",76,7.458,"Negative","my mom got mad at me  I need to make my bed. lol, its like 4 in the afternoon and i haven't made my bed ","2025-04-17T14:41:55.975213Z"
93,"1","2025-04-17T14:42:09.071042Z",77,12.916,"Neutral","@DougEFreshbk he he heey ... how are you? watching MTV... aren't they going bankrupt? at least vh1 still going... &lt;-bored as u can see. ","2025-04-17T14:42:09.071042Z"
94,"1","2025-04-17T14:42:11.551976Z",78,2.241,"Neutral","thinking waay too much, going to sleep now ","2025-04-17T14:42:11.551976Z"
95,"1","2025-04-17T14:42:14.968320Z",79,3.248,"Neutral","‚Äã@BG8950 maybe sometimes, but the universe is mostly empty so most of the time, there's nothing between voyager and the earth","2025-04-17T14:42:14.968320Z"
96,"1","2025-04-17T14:42:23.112108Z",80,7.962,"Negative","@JeniPoynter_x ahhh cool. they had nothing green in new look or primark tonight  well, nothing nice green.","2025-04-17T14:42:23.112108Z"
97,"1","2025-04-17T14:42:27.585264Z",81,4.297,"Negative","Wooo I picked my sister and I miss the empty house. ","2025-04-17T14:42:27.585264Z"
98,"1","2025-04-17T14:42:30.097207Z",82,2.337,"Neutral","Denofa smoking crystal before his runs? Denoofas","2025-04-17T14:42:30.097207Z"
99,"1","2025-04-17T14:42:37.624527Z",83,7.354,"Neutral","I want to see the giant ice spiders I heard about on Antarctica.","2025-04-17T14:42:37.624527Z"
100,"1","2025-04-17T14:42:39.572580Z",84,1.77,"Neutral","üç≠","2025-04-17T14:42:39.572580Z"
101,"1","2025-04-17T14:42:43.540351Z",85,3.795,"Neutral","CNN talks about Kamala under performing Biden. It‚Äôs quite possible she was over performing him. There was extensive ballot box stuffing going on back for the 2020 presidential election. There‚Äôs no doubt my mind. And the movie 2000 mules confirms that.","2025-04-17T14:42:43.540351Z"
102,"1","2025-04-17T14:42:48.048191Z",86,4.337,"Neutral","Just wanted to make a correction.  At 2:30 he says that these crabs are the only animals that can break into a coconut.  Thats not true. Some monkeys,  birds, elephants, humans including myself and of course also the coconut octopus can all break into coconuts.","2025-04-17T14:42:48.048191Z"
103,"1","2025-04-17T14:42:57.007130Z",87,8.778,"Neutral","@MakeUpByTierra My BF is moving 2 DC so I have 2do the allday thang...ffresh out the shower in baby oil, imma fry outside ","2025-04-17T14:42:57.007130Z"
104,"1","2025-04-17T14:43:01.834095Z",88,4.648,"Negative","D'oh! Why do I always have to have the best ideas for new videos and the oomph to do them when I have no time?! ","2025-04-17T14:43:01.834095Z"
105,"1","2025-04-17T14:43:05.818933Z",89,3.82,"Positive","@blackbeanpaste Halata. LOL. Sorry kung ang DAMING updates galing sa`kin. Addict e. ","2025-04-17T14:43:05.818933Z"
106,"1","2025-04-17T14:43:09.115044Z",90,3.102,"Negative","@Freakiix  i thought so too.. But I I'll go to London this year anyways..hopefully..xD..uh and I can't come with u to GD,'cause of school ","2025-04-17T14:43:09.115044Z"
107,"1","2025-04-17T14:43:12.842322Z",91,3.56,"Neutral","‚ô´ Bye bye ‚ô™ Miss American pie ‚ô´ Drove my Chevy ‚ô™ to the levy but ‚ô™ the levy was dry ‚ô´","2025-04-17T14:43:12.842322Z"
108,"1","2025-04-17T14:43:15.511269Z",92,2.49,"Neutral","@mega_zoi  Hello to you too  from NB Frankfurt ","2025-04-17T14:43:15.511269Z"
109,"1","2025-04-17T14:43:23.928223Z",93,8.23,"Negative","watching bad tv and wishing that this day would somehow get better ","2025-04-17T14:43:23.928223Z"
110,"1","2025-04-17T14:43:27.660191Z",94,3.562,"Neutral","Had to stop at starbucks...or else gma will get cranky. ","2025-04-17T14:43:27.660191Z"
111,"1","2025-04-17T14:43:32.774209Z",95,4.931,"Negative","restaraunt was shut :| ahahha unlucky, fast food it is then ","2025-04-17T14:43:32.774209Z"
112,"1","2025-04-17T14:43:38.578235Z",96,5.632,"Negative","@AmbitiousEnergy not against hughes as my character, he blocks EVERYTHING ","2025-04-17T14:43:38.578235Z"
113,"1","2025-04-17T14:43:42.238813Z",97,3.477,"Neutral","OK going to get in the shower...I need to wake up from last night's excursions...   be back soon!","2025-04-17T14:43:42.238813Z"
114,"1","2025-04-17T14:43:48.192972Z",98,5.786,"Positive","Omggggggg, I feel seen lol","2025-04-17T14:43:48.194019Z"
115,"1","2025-04-17T14:43:50.759728Z",99,2.392,"Neutral","Here I am, panting for the last month","2025-04-17T14:43:50.759728Z"
116,"1","2025-04-17T14:43:54.658256Z",100,3.722,"Negative","dude when it was 0-2 i was like were cooked","2025-04-17T14:43:54.658256Z"
117,"1","2025-04-17T14:43:57.095849Z",101,2.186,"Negative","just watched Secret Life, almost cried ","2025-04-17T14:43:57.097023Z"
118,"1","2025-04-17T14:43:58.623834Z",102,1.349,"Neutral","@svenfuchs - ok, I'll get them today ","2025-04-17T14:43:58.623834Z"
119,"1","2025-04-17T14:44:02.212385Z",103,3.387,"Positive","I'm gonna try to read the first book after shatter me.. I never thought reading would be funüòÇ","2025-04-17T14:44:02.212385Z"
120,"1","2025-04-17T14:44:08.700275Z",104,6.309,"Neutral","Talkin to @caylacherie on AIM.  i miss this educated nigga!","2025-04-17T14:44:08.700275Z"
121,"1","2025-04-17T14:44:11.256469Z",105,2.372,"Neutral","Canadian here and honestly, good on you for making the right choice America.  

Also, for the record.  Kamala had less electoral votes than Clinton did and barely more of the popular vote.  Let that sink in.","2025-04-17T14:44:11.256469Z"
122,"1","2025-04-17T14:44:14.649484Z",106,3.214,"Negative","where on earth I have been until I don't know who is she anymore. it feels like friends become strangers ","2025-04-17T14:44:14.649484Z"
123,"1","2025-04-17T14:44:36.403044Z",107,21.572,"Neutral","@fishfire wow..pretty serious after 6 words..!! I know that you're not   I'll vouch for you","2025-04-17T14:44:36.403044Z"
124,"1","2025-04-17T14:44:39.887349Z",108,3.3,"Neutral","@skyllo I need to set my alarm clock every 15 minutes, so I don't forget to save! When I'm on a roll, I forget to save ","2025-04-17T14:44:39.887349Z"
125,"1","2025-04-17T14:44:42.960266Z",109,2.889,"Neutral","@RadioRose Someone told me I type so hard that it sounds like &quot;I'm making popcorn.&quot; ","2025-04-17T14:44:42.960266Z"
126,"1","2025-04-17T14:44:44.887629Z",110,1.741,"Positive","@bargainmoose thansk for the tip ","2025-04-17T14:44:44.887629Z"
127,"1","2025-04-17T14:44:47.148232Z",111,2.084,"Neutral","@koolcreation uhhh, no. i dont play that... and yes i can cook, im part italian! ","2025-04-17T14:44:47.148232Z"
128,"1","2025-04-17T14:44:48.936377Z",112,1.612,"Neutral","this is not what it may seem......it's FOC  √¢¬ô¬´ http://blip.fm/~7qe1k","2025-04-17T14:44:48.936377Z"
129,"1","2025-04-17T14:44:52.751593Z",113,3.625,"Positive","Kalle is a freak ! (In a good way too..!) what a talent, and only 23 as well","2025-04-17T14:44:52.751593Z"
130,"1","2025-04-17T14:44:54.812248Z",114,1.878,"Positive","May your creativity last","2025-04-17T14:44:54.812248Z"
131,"1","2025-04-17T14:44:56.902653Z",115,1.911,"Negative","@aljuk aww, I miss my cat too  will go home and visit him soon.","2025-04-17T14:44:56.902653Z"
132,"1","2025-04-17T14:44:59.956083Z",116,2.884,"Positive","Sumerian civilization is so old that Babalon had legends about it, that is truly mind-blowing.","2025-04-17T14:44:59.956083Z"
133,"1","2025-04-17T14:45:05.146422Z",117,4.995,"Neutral","@jelenasays yep  est website ever, i watched all of supernatural season 3 yesterday x] are you going to FOH on the 17th?","2025-04-17T14:45:05.146422Z"
134,"1","2025-04-17T14:45:08.386990Z",118,3.059,"Neutral","It is very helpfull. But I have a request, not all people are young. It is a bit depressing to see you cant reach the highs at 45+ years beginner. Is there any special adivse for people that start late on?","2025-04-17T14:45:08.386990Z"
135,"1","2025-04-17T14:45:12.418899Z",119,3.847,"Negative","@willripley i wish i could be there  you don't even KNOW will. i wanted to go so bad. BUT i'm in the middle of rehearsals for a play.","2025-04-17T14:45:12.418899Z"
136,"1","2025-04-17T14:45:13.598218Z",120,3.3099999999999996,"Negative","http://bit.ly/103u1c  injured protester ","2025-04-17T14:45:18.909149Z"
137,"1","2025-04-17T14:45:32.958248Z",121,3.355,"Negative","@A1nz has just left to go home miss him already ","2025-04-17T14:45:32.958248Z"
138,"1","2025-04-17T14:45:40.705213Z",122,7.563,"Neutral","Bot only for those who already knew anyway, but came her because they were mislead by the title and actually wanted to laugh about the thoughts of the simple minded","2025-04-17T14:45:40.705213Z"
139,"1","2025-04-17T14:45:48.059818Z",123,7.186,"Neutral","@carrotmadman6 expensive! For 3D I need much more. Maya's telling me there's not enough ram  I might try your US forwarding with newegg.","2025-04-17T14:45:48.059818Z"
140,"1","2025-04-17T14:46:00.036551Z",124,11.727,"Neutral","I don't like them one bit either, but I was surprised that he made it as good as he did here. I've seen how well they do in snow though, and they don't","2025-04-17T14:46:00.036551Z"
141,"1","2025-04-17T14:46:02.284185Z",125,2.07,"Positive","¬†@tubulartopher¬† Cool. Find private investors. Don't use my tax dollars for it.","2025-04-17T14:46:02.285205Z"
142,"1","2025-04-17T14:46:08.074384Z",126,5.612,"Negative","im miss to be a student... wanna meet my friends ","2025-04-17T14:46:08.074384Z"
143,"1","2025-04-17T14:46:09.648928Z",127,1.391,"Neutral","Ouvi pela primeira vez ontem to encantada!!!!","2025-04-17T14:46:09.648928Z"
144,"1","2025-04-17T14:46:11.865206Z",128,2.049,"Neutral","4:28 Hey that's Steve Aoki!","2025-04-17T14:46:11.865206Z"
145,"1","2025-04-17T14:46:15.159928Z",129,3.116,"Neutral","listening to angels and airwaves, dont know what to do right now ","2025-04-17T14:46:15.159928Z"
146,"1","2025-04-17T14:46:16.519114Z",130,1.176,"Neutral","Late night homework once again. ","2025-04-17T14:46:16.519114Z"
147,"1","2025-04-17T14:46:20.435915Z",131,3.734,"Positive","thanks dog","2025-04-17T14:46:20.435915Z"
148,"1","2025-04-17T14:46:31.687742Z",132,11.075,"Neutral","@Posh_Totty Lol I don't blame you, it all goes horribly wrong after the wedding, at least you got the ring, thats all you need really  lol","2025-04-17T14:46:31.687742Z"
149,"1","2025-04-17T14:46:39.813870Z",133,7.955,"Neutral","@Squirrel_Monkey we still have 8 mos on our contract for the current iphones, can't upgrade yet.  ","2025-04-17T14:46:39.813870Z"
150,"1","2025-04-17T14:46:45.120743Z",134,5.132,"Negative","I miss the two david. archuleta and cook! HUHU  i miss them soooo baaad!","2025-04-17T14:46:45.120743Z"
151,"1","2025-04-17T14:46:48.773276Z",135,3.465,"Negative","@mikig2 It becomes tremendously borrrrring after a while cuz u gotta cook ur own food! Aarrrgh!  (ab theek hai naa! ) =]","2025-04-17T14:46:48.773276Z"
152,"1","2025-04-17T14:46:50.535358Z",136,1.591,"Neutral","you got it done tho","2025-04-17T14:46:50.535358Z"
153,"1","2025-04-17T14:46:58.912605Z",137,8.174,"Neutral","hey saw this video got a 2004 3g eclipse ended up having flooded engine i dont wanna get rid of it its my dream car so what do i do","2025-04-17T14:46:58.912605Z"
154,"1","2025-04-17T14:47:02.167508Z",138,3.075,"Neutral","@Hurrigirl hahaha yeah I'm sure they didn't mean it........ but they so did it~!!!! ","2025-04-17T14:47:02.167508Z"
155,"1","2025-04-17T14:47:03.449287Z",139,1.102,"Neutral","@RoboSteel And you! ","2025-04-17T14:47:03.449287Z"
156,"1","2025-04-17T14:47:05.083046Z",140,1.378,"Neutral","nope...","2025-04-17T14:47:05.083046Z"
157,"1","2025-04-17T14:47:10.883737Z",141,5.62,"Positive","Waking up at 6:30 on a Sunday means crazy amounts of free time, apparently. Never realised there were so many hours in the day! ","2025-04-17T14:47:10.883737Z"
158,"1","2025-04-17T14:47:16.814802Z",142,5.75,"Negative","failed my mock driving test and i'll be failin these as's too if i don't start revisionn  its soo sunny :O&lt;3","2025-04-17T14:47:16.814802Z"
159,"1","2025-04-17T14:47:18.393312Z",143,1.389,"Positive","Cat funny","2025-04-17T14:47:18.393312Z"
160,"1","2025-04-17T14:47:21.732111Z",144,3.163,"Neutral","@johncmayer NYC misses you too! we will be waiting ","2025-04-17T14:47:21.732111Z"
161,"1","2025-04-17T14:47:27.822209Z",145,5.896,"Neutral","Ev'rybody's got a hungry heart... ","2025-04-17T14:47:27.822209Z"
162,"1","2025-04-17T14:47:32.060089Z",146,4.051,"Positive","‚ÄúThe only time you should use a makeup wipe is never‚Äù LMAOOOO","2025-04-17T14:47:32.060089Z"
163,"1","2025-04-17T14:47:39.827088Z",147,7.576,"Neutral","back in the garage working, garbage day tomorrow, woohoo, take it all away ","2025-04-17T14:47:39.827088Z"
164,"1","2025-04-17T14:47:45.474480Z",148,5.449,"Neutral","@samuraigrifter i returned the DSi and got 2 DS consoles  please hook me up with games ","2025-04-17T14:47:45.474480Z"
165,"1","2025-04-17T14:47:47.928935Z",149,2.257,"Neutral","Them:add some small details! 
adds so much","2025-04-17T14:47:47.928935Z"
166,"1","2025-04-17T14:47:50.178199Z",150,2.074,"Neutral","@TherealErPerry aww im sorry  you should try to go theres still tickets left ","2025-04-17T14:47:50.178199Z"
167,"1","2025-04-17T14:47:52.602814Z",151,2.241,"Negative","@miguelstdancer ok, I must get used to it! but it's really hard!  xX","2025-04-17T14:47:52.602814Z"
168,"1","2025-04-17T14:47:55.049000Z",152,12.843,"Positive","Great video. I would recommend that you have two different credit cards for the same bank account. If one day you lose your primary one or discover that there MAY be misuse, it is not inconvenient for you to block one.  Therefore you can react much faster","2025-04-17T14:48:10.645107Z"
169,"1","2025-04-17T14:48:16.833616Z",153,5.222,"Negative","&quot;Can youu tell me how a perfect love goes wrong..&quot; ","2025-04-17T14:48:16.833616Z"
170,"1","2025-04-17T14:48:23.254268Z",154,6.19,"Negative","I've bitten the inside of my lip! It's starting to swell... ","2025-04-17T14:48:23.254268Z"
171,"1","2025-04-17T14:48:24.628240Z",155,1.168,"Neutral","üò≥üò≥üò≥üò≥","2025-04-17T14:48:24.628240Z"
172,"1","2025-04-17T14:48:43.906938Z",156,19.096,"Negative","A poignant speech. üò•","2025-04-17T14:48:43.906938Z"
173,"1","2025-04-17T14:49:03.369754Z",157,19.243,"Neutral","@Xandromas cantr is down ","2025-04-17T14:49:03.369754Z"
174,"1","2025-04-17T14:49:10.020839Z",158,6.446,"Positive","@jomanlk I am trying my best to make my own luck ","2025-04-17T14:49:10.020839Z"
175,"1","2025-04-17T14:49:13.355060Z",159,3.13,"Neutral","@MacFacetime09 I'm always awake all night so u can always talk to me when u can't sleep ","2025-04-17T14:49:13.355060Z"
176,"1","2025-04-17T14:49:15.164814Z",160,1.632,"Neutral","@Kris_Rogers i hope you picked the snakeskin ones ","2025-04-17T14:49:15.164814Z"
177,"1","2025-04-17T14:49:17.353933Z",161,2.004,"Neutral","I think i want to go to the beach today, but its kind of cold. ","2025-04-17T14:49:17.353933Z"
178,"1","2025-04-17T14:49:21.455951Z",162,3.929,"Neutral","A lot of them do not have a worldview holistic enough to enable them to see its importance","2025-04-17T14:49:21.455951Z"
179,"1","2025-04-17T14:49:23.666997Z",163,2.03,"Neutral","Good night üò¥","2025-04-17T14:49:23.666997Z"
180,"1","2025-04-17T14:49:25.320960Z",164,1.419,"Neutral","Keep an open mind","2025-04-17T14:49:25.320960Z"
181,"1","2025-04-17T14:49:27.690114Z",165,2.179,"Neutral","I think Hozier and Foy Vance should get together and write some songs, do an album together.","2025-04-17T14:49:27.690114Z"
182,"1","2025-04-17T14:49:30.443026Z",166,2.563,"Neutral","Just made a project for shortlisting in a company and realised I have never spent my whole day just doing EDA on this dataset of just since numbers with no other knowledge of features , after doing it I realised understanding data is the main stuff","2025-04-17T14:49:30.443026Z"
183,"1","2025-04-17T14:49:32.751915Z",167,2.119,"Neutral","@RMantri ur ff is set to private can't reed anything ","2025-04-17T14:49:32.751915Z"
184,"1","2025-04-17T14:49:34.262933Z",168,1.335,"Neutral","@MaccaDingDong  Hello Again  How are you? xxx","2025-04-17T14:49:34.262933Z"
185,"1","2025-04-17T14:49:39.909015Z",169,5.464,"Positive","Thank you for this quick and efficient explanation! üéâüòÆ. I still think it's a bit crazy to give so much power to a third party if you are a big company. So much data can be duplicate or stolen even if ""it's secure.""","2025-04-17T14:49:39.909015Z"
186,"1","2025-04-17T14:49:44.284809Z",170,4.146,"Neutral","@EdenEuthanasia at least i remembered my photo ID so i COULD take them!!!! ","2025-04-17T14:49:44.284809Z"
187,"1","2025-04-17T14:49:47.105145Z",171,2.634,"Neutral","Pretty sure David would agree with me that all of you are focused on the wrong thing‚Ä¶ his voice instead of the gorgeous majesty he narrates.","2025-04-17T14:49:47.105145Z"
188,"1","2025-04-17T14:49:52.266734Z",172,4.972,"Neutral","He makes it look easy because it is easy","2025-04-17T14:49:52.266734Z"
189,"1","2025-04-17T14:49:54.899580Z",173,2.448,"Positive","A very pragmatic analysis.","2025-04-17T14:49:54.899580Z"
190,"1","2025-04-17T14:49:58.408753Z",174,3.316,"Neutral","been working so hard...i got this feeling...i hit the ceiling... FOOTLOOSE!! ","2025-04-17T14:49:58.408753Z"
191,"1","2025-04-17T14:50:11.013073Z",175,12.429,"Positive","so it wasnt a fail.but it wasnt a first either  deeply resent not having revised lec 6 + 7 (it was so easy too!)","2025-04-17T14:50:11.013073Z"
192,"1","2025-04-17T14:50:12.611491Z",176,1.353,"Neutral","mi","2025-04-17T14:50:12.611491Z"
193,"1","2025-04-17T14:50:17.009537Z",177,4.214,"Neutral","@chelseyann226 Don't do that! :o Then you'll be blind and you wont be able to see his gorgeous face ever again ","2025-04-17T14:50:17.009537Z"
194,"1","2025-04-17T14:50:20.146903Z",178,2.953,"Neutral","@njlevy @NeonGypsies lost his right leg in a tragic waterskiing accident. He's pretty sensitive about it. ","2025-04-17T14:50:20.146903Z"
195,"1","2025-04-17T14:50:24.102966Z",179,3.762,"Neutral","@jamesrpage Lucky you're not still working here. Some serious SPJC (Spray Painted Jeans Comp) between u @WE55SIDE  &amp; @marktsen  ","2025-04-17T14:50:24.102966Z"
196,"1","2025-04-17T14:50:25.878456Z",180,1.593,"Neutral","@augustagaliving I wish mine would go to sleep. ","2025-04-17T14:50:25.878456Z"
197,"1","2025-04-17T14:50:31.968814Z",181,5.908,"Negative","@StewartKris It sucks that both yours and @PattinsonRobT's twitters were hacked. Thnx 4 sticking around anyway. Your fans appreciate it ","2025-04-17T14:50:31.968814Z"
198,"1","2025-04-17T14:50:36.128448Z",182,3.973,"Neutral","I've got a crazy idea - Follow the Principles in the Founding Documents:  Declaration of Independence, U.S. Constitution, and Bill of Rights.  üá∫üá∏

The Founding Fathers were aware of the Ego pitfalls of Authoritarianism, Co-Dependency, Over-Spending, etc.","2025-04-17T14:50:36.128448Z"
199,"1","2025-04-17T14:50:39.477178Z",183,3.17,"Neutral","I have the house cleaned to the stage where I can now ask people over.  Some spiders did die in the process though ","2025-04-17T14:50:39.477178Z"
200,"1","2025-04-17T14:50:45.772594Z",184,6.108,"Neutral","@SeanCallinan Slaughter? Pft, we got didn't own at all. ","2025-04-17T14:50:45.772594Z"
201,"1","2025-04-17T14:50:47.803681Z",185,1.852,"Neutral","I'm surprised that the Battle of the Atlantic isn't in the top 10.","2025-04-17T14:50:47.803681Z"
202,"1","2025-04-17T14:50:52.008633Z",186,4.023,"Neutral","Jst got pulled over for speedin in Indiana ","2025-04-17T14:50:52.008633Z"
203,"1","2025-04-17T14:50:53.757130Z",187,1.568,"Neutral","@JaceyTH @adall I really want to, but next train out of Long Island is at 5:20. ","2025-04-17T14:50:53.757130Z"
204,"1","2025-04-17T14:51:03.208493Z",188,9.263,"Neutral","@ann_donnelly Oh... I've had two since then  I at least have the good grace to look embarrassed","2025-04-17T14:51:03.208493Z"
205,"1","2025-04-17T14:51:04.297258Z",189,0.899,"Neutral","1:57","2025-04-17T14:51:04.297258Z"
206,"1","2025-04-17T14:51:06.965002Z",190,2.477,"Negative","tummy ache ","2025-04-17T14:51:06.965002Z"
207,"1","2025-04-17T14:51:11.107616Z",191,3.948,"Neutral","@pixelmehawaii Dang, if Ward was still open I might have had a chance at the free ice cream! Windward is far, far away.  Menchies?","2025-04-17T14:51:11.107616Z"
208,"1","2025-04-17T14:51:23.143870Z",192,11.838,"Neutral","@Shinybiscuit bollocks! i've just remembered i'm in paris next week... is it bad to want to cancel my flights so i can bake?  OM NOM NOM","2025-04-17T14:51:23.143870Z"
209,"1","2025-04-17T14:51:24.483377Z",193,1.151,"Neutral","Boooooooooooooooooooooooooooooooooo","2025-04-17T14:51:24.483377Z"
210,"1","2025-04-17T14:51:31.511966Z",194,6.842,"Neutral","@barryfrangipane Are you and Debbie, having a great time? Was told to start being more conservative about what I Tweet. ","2025-04-17T14:51:31.511966Z"
211,"1","2025-04-17T14:51:38.982265Z",195,7.295,"Positive","I so need sleep, random catch up with my cousin. Loved it! But work in 6 hours sounds hideous ","2025-04-17T14:51:38.982265Z"
212,"1","2025-04-17T14:51:44.019260Z",196,4.839,"Negative","Not feeling so hot, will probably spend the evening at home. ","2025-04-17T14:51:44.019260Z"
213,"1","2025-04-17T14:51:48.621193Z",197,4.429,"Neutral","It‚Äôs trump being bossed around by his tech overlords.","2025-04-17T14:51:48.621193Z"
214,"1","2025-04-17T14:51:50.548600Z",198,1.738,"Neutral","@DonnieWahlberg  @jordanknight  @JonathanRKnight  @joeymcintyre  @dannywood   makin us  for FULL SERVICE TOUR!!","2025-04-17T14:51:50.548600Z"
215,"1","2025-04-17T14:51:55.554712Z",199,4.828,"Neutral","@shorecamp @bafh666 Ok, ok! Habs gerade bestellt. ","2025-04-17T14:51:55.554712Z"
216,"1","2025-04-17T14:51:57.814501Z",200,2.077,"Positive","Exxelent.. Live art..","2025-04-17T14:51:57.814501Z"
217,"1","2025-04-17T14:52:01.065252Z",201,3.073,"Positive","¬†@sock356¬† what a comment","2025-04-17T14:52:01.065252Z"
218,"1","2025-04-17T14:52:04.116107Z",202,2.865,"Positive","@TimmyofFiTH broke his 'no partying until i party with you guys' promise. Haha ","2025-04-17T14:52:04.116107Z"
219,"1","2025-04-17T14:52:07.325912Z",203,4.3260000000000005,"Neutral","Omg I didn‚Äôt recognize that so true","2025-04-17T14:52:10.774008Z"
