,text,sentiment
0,hey see video get   g eclipse end having flood engine not wanna rid dream car,1.0
1,great advice love explain clearly not forget try Dermo Plan Syrup Planet Ayurveda skin support tip,2.0
2,lol odd ill probably lose bloody phone,0.0
3,"probably good tutorial ML 
  beginner",2.0
4,word integrity,1.0
5,thank Matt Ill check tonight,2.0
6,ur ff set private not reed,1.0
7,hey ur young sibling,1.0
8,thank explain clearly clear like explanation,2.0
9,d alongside pdk gt,1.0
10,sense guess bot,0.0
11,aquarius far     lonesome,1.0
12,tell,1.0
13,"start design research think 
  colour choice 
  sample colour 
  context 
  font pair 
  point interest",1.0
14,gem love voice,2.0
15,ameen,1.0
16,u great job u deserve,2.0
17,wear makeup,1.0
18,come watch video,2.0
19,see great tshirt yesterday   quotdont let Cancer Steal nd Basequot high school girl softball player,2.0
20,soon,2.0
21,not feel good today,0.0
22,go people feel way commit violence trump way bring bad people,0.0
23,happy birthday brittany remember turn   m old,2.0
24,time go outside,1.0
25,use edit thumbnail video love,2.0
26,tell type hard sound like quotim make popcornquot,1.0
27,play fall   david archuleta   nice song,2.0
28,way bad Hornish Sr show,0.0
29,well fast furious movie,2.0
30,try day Gran,1.0
31,lose help find good home,0.0
32,great reading thank   resonate,2.0
33,work awesome weekend camping,2.0
34,cool yep pic good mood,2.0
35,appreciate cheer,2.0
36,love turtle thumbnail set,2.0
37,high,1.0
38,day work today,1.0
39,Aarrgghh world collapse,0.0
40,love quote   m go write,2.0
41,have fun,2.0
42,shrew tame Love miss sophie   grace,2.0
43,bur actually extraordinary,2.0
44,break partying party guy promise Haha,2.0
45,want evidence base hair care routine,2.0
46,feel hot probably spend evening home,0.0
47,mean law school keep away   damn timezone kick,0.0
48,find m pregnant   Happiest news world,2.0
49,love tiny little flipper,2.0
50,ok ok wat people everyone weekend tell   u not shit loll,1.0
51,cringe not hair makeup,0.0
52,sheer stupidity come mouth want throw rocket try care,0.0
53,thursday episode   amp pregnant,1.0
54,probably   week naman daw FB end someone house play GH,1.0
55,lucky want someday visit dad hometown hear amazing,2.0
56,continue improvement video image generation mistake AI spelling easy way create image want text video improvement,2.0
57,quotcan buy ticketsquot quotwe go holequot   lt,2.0
58,ah cool s useful Ill use link example great marketing idea    thank,2.0
59,youngun take,1.0
60,January th effort readjudicate   election,1.0
61,exxelent live art,2.0
62,DAMN   easy   hour today exceed expectation,2.0
63,watch Secret Life cry,0.0
64,wonderfuldoe PIANOTE LINE PIANO lesson,2.0
65,Yo por siempre,2.0
66,need sleep random catch cousin love work   hour sound hideous,2.0
67,not know want read,0.0
68,BBQ flood,1.0
69,puppet commercial yes stupid vitamin water commercial yes dwight DETHRONES king tonight Sad,0.0
70,Amazing teacher Bro video Halftone Effects detail,2.0
71,Cool find private investor not use tax dollar,2.0
72,"cool light type intro 

  bit funny",2.0
73,real   flower garden sprinkle fake one fake one neighbor take second look neighbor love idea add fake flower add theirs,2.0
74,high tariff break relationship country long big brother,0.0
75,have British Sea Power day   YAY,2.0
76,Dog lucky,2.0
77,point not selfimprovement s damage acknowledge selfimprovement execute damage,0.0
78,oh gosh loooove book,2.0
79,hey s Steve Aoki,1.0
80,AKFYAQUB HAMAYIL,1.0
81,congrat second rewrite k lot word cut tough,2.0
82,Good   person   go blind   limb way        think branch clear hear bud cliff   Hum,1.0
83,terbaik perkongsiani like x,1.0
84,hi nice know   btw tell download twim mobile phone phone e thank,2.0
85,like push,1.0
86,quotshit listquot night comment,0.0
87,wish abstract,1.0
88,Elon insure people Trump win popular vote,2.0
89,oh yea need massage ya,1.0
90,feel badI linereallyshould check blog go,0.0
91,software,1.0
92,sign lol goal,2.0
93,yesssssssss,2.0
94,"honestly s good see 
 s transparent comfortable 
 work not stop praise k 
 week till date speak",2.0
95,"guy engaging 
 love himno homo 
 teacher like school maybe Einstein",2.0
96,fun today w famski alil shopping,2.0
97,look like beautiful day washington,2.0
98,nahhh shell cool reckon     awesomeeee   haha chat tomorrowwwww ilyy,2.0
99,Eu amo esse vdeo OMAM   bom de mais,2.0
100,literally like year ago clean room give momentum clean diet health act life,2.0
101,silent   day beloved   ridicule away,0.0
102,absolutely have right financial planner critical portfolio strategically diversified market condition recently achieve   increase early year CFP aim sevenfigure goal q,2.0
103,exhibition,1.0
104,Wooo pick sister miss house,0.0
105,musicbefore m tiredto quotexecutionerquot,1.0
106,thank Father Heaven give life allow long Jesus amen,2.0
107,CNN talk Kamala perform Biden possible perform extensive ballot box stuff go   presidential election s doubt mind movie   mule confirm,1.0
108,accuse guy quotone Sidedquot issue get way way hand,0.0
109,nein,1.0
110,good time,2.0
111,bollock ve remember m paris week bad want cancel flight bake   OM NOM NOM,1.0
112,good point apartment   hrs away m live momma,1.0
113,super boring exam July   sooo sick,0.0
114,sell st car Ebaywhat pleasureand surprise   Yayshall,2.0
115,yes heavy majority russians,1.0
116,Halata LOL Sorry kung ang DAMING update gale sakin Addict e,2.0
117,tired bored   lonely,0.0
118,take hp trivium facebook   later m make list week summer,1.0
119,thank,2.0
120,bored,0.0
121,got high get drunk know feel quothighquot,2.0
122,convince bf sit watch ur vid safe not turn Nice Aus YouTuber play mc think ur like lol,2.0
123,maybe trash talk kid m totally cry listen adoption story ve give sleep,0.0
124,good,2.0
125,  video funny,2.0
126,see Dream struggle   hunter manhunt make realise practice manhunt series   hunter not feel tough,1.0
127,s have party thee,1.0
128,glad change mind,2.0
129,eye poofy m late work,0.0
130,Love Trump Albania love USA,2.0
131,focused reactive member need mean not fill spot warm body time,1.0
132,mom get mad   need bed lol like   afternoon not bed,0.0
133,want TerminatorSalvation m afraid Christian Bale yell,0.0
134,not fly fall style   get to love toy story,2.0
135,cool boomer list elon musk,2.0
136,pm m bed ready feel ill blow   bad time,0.0
137,wrong wrong singer look like zelenky,1.0
138,m study math    suck big time,0.0
139,not Australia SNL upset,0.0
140,yaysweet not   idiot wow haha,2.0
141,Pag nasira ang laptop ko m swear m go to kill meself lose music photo,0.0
142,link affiliate list site,1.0
143,ve feed ray Grand Cayman awesome,2.0
144,fabulous beginner friendly class hold challenge give space check alignment add movement need excellent,2.0
145,LOL need find care hair quotifquot natural,1.0
146,fall asleep watch tv night get home wake tired work sadly,0.0
147,fuck,0.0
148,love video   idea   creative,2.0
149,good night,1.0
150,day,1.0
151,"thank Brilliant Suggestions wisdom 
 God bless  ",2.0
152,guy link submission work,0.0
153,choose follow,2.0
154,tell,1.0
155,lol   Misunderestimated   s wrong word think bout harsh truth u right,1.0
156,video important amazing wonderful   love bird,2.0
157,s say s lot reassurance find simplicity break goal way achievable actually massively helpful,2.0
158,see hayabusa road understod skill bike,1.0
159,nice music,2.0
160,"God bless beautiful song 
 Amn Amn god good",2.0
161,think twitter reach breaking point   niteunless change shit backit basically reach maxit wuz fun tho,0.0
162,Mental Health Institutions Great,2.0
163,"fascinating Cathy love section variation local language 
 great hear read   poem",2.0
164,Dragon make,1.0
165,nighty nite oh btw forget ask s son Ronis Eczema gettin well thank god   xxx,2.0
166,yeah Miranda   IM protocol use   MB,1.0
167,thank,2.0
168,Bob Ross quote obviously fake exclamation point life,0.0
169,watch bad tv wish day well,0.0
170,  year m go professional footballer represent England remember Sean grandison woode,2.0
171,relly heyyyyyy mama,2.0
172,lion lose South Africa day   give good match time win   xxx,1.0
173,exam Awful awful awful,0.0
174,m miss student wanna meet friend,0.0
175,excelente concerto h igual,1.0
176,wonder window server acquire ip dhcp lease card cable attach,1.0
177,follow sincw week m sad nevr write   that cool,0.0
178,funny wor,2.0
179,poignant speech,0.0
180,sweet bigscreen tv,2.0
181,arrive yesterday miss   u fun,2.0
182,cute,2.0
183,good luck,2.0
184,ve try reach cat condo extend warranty,1.0
185,okay like today def bad day lifeurghhhshould stay home watch college hill smh,0.0
186,addiction right whip creamquizillatwitterchicken egg sandwichraman noodleand gossip girl,2.0
187,oh god listen,1.0
188,not complain space exploration complaining climate change government lack action,0.0
189,m listen consider bakugo x kirishima pfp,0.0
190,hello twit world   good buddy bbq   untill Jay z spotify,2.0
191,mood change fast not jeez want,0.0
192,"oh thank u 
 kind",2.0
193,Delicious ymmey,2.0
194,Ill send email Kentucky USATF guy want Summer Class   UofL,1.0
195,international Manchester City fan supporter,2.0
196,late night homework,1.0
197,scorpion pavorite rockband,2.0
198,eat balut dude not ask,1.0
199,vista laptop XP desktop   Vista bit pain,0.0
200,good mornig unfortunally,2.0
201,sleep get to work,1.0
202,rwpn kamala charge,1.0
203,dye hair janet give fuckload hour week hell yessss,2.0
204,wae,1.0
205,well have God great people life rely know love,2.0
206,woodford reserve peach boubon mojito,1.0
207,lie bed get physio appointment today leg m study,1.0
208,Bindu Bhavana Mount BakerSnoqualmie National Forest Washington State western red cedar tree thuja plicata,1.0
209,kind like Simon Play School,1.0
210,Allah raz olsun biraderim,1.0
211,glad hear video useful,2.0
212,lip   nail   makeup eye,2.0
213,want injection,0.0
214,problem   like m paralyzed not define   stay vague,0.0
215,museum,1.0
216,think person apply   place successful response,0.0
217,throw Red Bull away,0.0
218,oh speak regional manager atampt say wait end July lower IPhone cost secret,1.0
219,thank,2.0
220,Omg not recognize true,1.0
221,ready,1.0
222,Eminem old video actually buy not itune maybe old new,1.0
223,got subway BLT Sub   love u mommy,2.0
224,plan og ill   mom ACTUALLY swim   maybe bbq din text need,1.0
225,god like create concious,2.0
226,m bored headache,0.0
227,poorly,0.0
228,bro dop new beat final final favorite song forget,2.0
229,hello   hooked quotim celebrityquot lol hope u good night,2.0
230,s cool brooo,2.0
231,not Wolverine line anymore   disgrace s theater,0.0
232,s awful,0.0
233,not fully need understand anatomy experience order loomis head method correctly beginner friendly,1.0
234,chrome color spray paint   thank share,2.0
235,drink movie,1.0
236,talkin   AIM   miss educate nigga,1.0
237,cant BREATHE HOTT amp STUFFY   lolwhat m fabulous m stuffy   LOL,2.0
238,"love guy genuine motivate learn new overwhelm 
 vid come place understanding tell care abt 
 Ill watch",2.0
239,esli pretty way agree    edit thank   like,2.0
240,exam go to suck tomorrow   think school,0.0
241,eat,0.0
242,okayyy,1.0
243,oh man miss Hope enjoy,2.0
244,puedo creer que perd mi tiempo en sto,0.0
245,lose right leg tragic waterskiing accident s pretty sensitive,1.0
246,wow early eh Goodmorning,2.0
247,movie watch tonight,1.0
248,sound like perfect day,2.0
249,LOL big time Apprentice video      thank   laugh,2.0
250,cry   farmyard weekend    will not,0.0
251,jogging not cool especially ve get fever,0.0
252,invest m udner   respond,1.0
253,thank God bless friend,2.0
254,yeah suck,0.0
255,new friend   Nice meet   happy mother day,2.0
256,lead sad life,0.0
257,sryy not msn night u know,0.0
258,look simple beautiful,2.0
259,final   day   time book,1.0
260,time   s mean   faith you,2.0
261,s awesome improve world creation,2.0
262,graham norton drunk good time,2.0
263,tell De Lamas not new tomorrow season,1.0
264,Agreed turn sound watch x speed   well,2.0
265,lose humanity compassion animal lose people planet,0.0
266,night   exam m sit watch norwegian zombienazi horrorcomedy dead snowi get priority straight,1.0
267,love big event,2.0
268,tell Kelley say quothiquot,1.0
269,say good night folk good morning   here nice song lull sleep Sweet dream,2.0
270,lol ur kool kat urself spell cool cat k look cool lol,2.0
271,cliffhanger yup time ve witness die brutal death want bank turn,0.0
272,pretty x,2.0
273,sister drive nuts like ow arm,0.0
274,lovely doggy KUNUNG channel kunung clip visit channel comment like channel share subscribe like channel,2.0
275,get go upstairs rent   Chocolate Nesquick lt,2.0
276,will not available work month sorry,0.0
277,awesome lesson circuit   rwy   today redcliffe beautiful weather,2.0
278,thank watch take time send note Ocean greeting blessing videographer footage,2.0
279,  send u omom energy stranger,1.0
280,need,2.0
281,Blue Skies   Tesco drink snack shortly,2.0
282,Happy Mothers Day,2.0
283,post mantra day    will not,2.0
284,talkig skill learn read,1.0
285,creativity,2.0
286,hello mam Cetaphil clean ko morning night dono time use kare ya fir night koi alag facewash use kre,1.0
287,live home   month graduate Banked k give jump start financially compare friend live city,2.0
288,"watch lot tip video comprehensive thorough video watch subscribe look forward watch tutorial link 
 thank beginner designer",2.0
289,  Wing wear air shock sag lot heavy duty progressive shock little long standard sagging loaded heavy huge improvement handle,2.0
290,believe awake work,0.0
291,Jesus Christ madman big gun blindfold hope safe,0.0
292,eagle land   victory,2.0
293,great night   people think fun,2.0
294,tote EYL deff well night night not twirly   FL Whomp whomp,2.0
295,god book like listen record repeat   time aid AFRICA HASNT amp wont help Shut fuck,0.0
296,"love vacuum cleaner 
 texas",2.0
297,inside seat awesome seat center Decemberists   promise tweet xoxo,2.0
298,discover,2.0
299,La rreseta esta muy deliciosa pero muy Lenta desespera   desde barraquilla,1.0
300,like rain cold   s heat sunshine go,0.0
301,sound pretty dangerous meyou guy sound like wild bunch alright great night,2.0
302,thank ya mdear,2.0
303,get recommend YouTube invest   good,2.0
304,hurt pin get stab yesterday,0.0
305,sleep guy kool guess actually gay lol imagine guy have pillow fight share bed,0.0
306,reaquainte process post news item intranet,1.0
307,come video today   sad pretty leave world makeup artistry,0.0
308,magic touch mean foot,2.0
309,New Wardrobe instal today   Ill finally home   note self excuse buy clothe,2.0
310,s nativeby way use Duolingo learn korean,1.0
311,youtube premium friend,2.0
312,m sadproblem girlfriend,0.0
313,take delivery refreshed Model   LR m look Love car,2.0
314,use FL,1.0
315,DAN love VIDSSS,2.0
316,suck s twitter hack Thnx   stick fan appreciate,0.0
317,hope special soon ill work,2.0
318,have lunch   haha care guyz,2.0
319,late delicious dinner relax fiance,2.0
320,project shortlist company realise spend day EDA dataset number knowledge feature   realise understand datum main stuff,1.0
321,Brooo thatwhat namezach Justice,1.0
322,m tell,0.0
323,good day alive,0.0
324,Laguna cancel chance enjoy summer cancel   oh btw cancel cancel technically thing Nard alert,0.0
325,work remix France,1.0
326,one love   Mazel Tov dear friend,2.0
327,"read Ai 
 learn machin learn Ai",1.0
328,rabet ka referafriend bonus toh good hai doston ko bulao aur extra bonus kamao,1.0
329,happy Tuesday   busy day      mtg   coffee    know jealous,2.0
330,empathy love right thank,2.0
331,fantastic,2.0
332,Good Morning excited sleep get ready airport m go to need coffee,2.0
333,second trend   love sure,2.0
334,Anunaki alive earth todayi think Klaus Schwab look identical father naxi,1.0
335,negative thought come push away think think speech positive thought doubt away praise,2.0
336,look fwd have cortisone injection week ouchie,0.0
337,feel think fall sick,0.0
338,awe poor girl    tell Ill buy delicious ice cream   grossness,2.0
339,"bro start not know wear makeup till say 
 beautiful queen",2.0
340,noooo   shh not wanna know aha m obsess mr matthews mmmmmmmmm haha,2.0
341,Barney tha superduperly gay awesomeness dinosaur aduhhh,2.0
342,work Working call car miss,0.0
343,Jesus   tudo para mim,1.0
344,bite chew chew,0.0
345,modern Salvador Dali Amazing work,2.0
346,idk number get to new phone resend,1.0
347,Kalle freak   good way talent  ,2.0
348,Jon amp Kate break heart sad,0.0
349,"AI hold py 

 run learn mainpy",1.0
350,finally watch cross fear threshold stop learn music   year old woman make progress guitar chord thank,2.0
351,ooh dear s tomorrow ill d hopefully   xxx,2.0
352,stock   software eBook title discount price follower Tweeters    ,2.0
353,fan Brokenwood Wines   Facebook New Website   close go live   not hardly wait,2.0
354,read novel BILLY pls plsplsssss comment thank,1.0
355,oo ok ill accept,2.0
356,yeah welcome Twitter Good hear train ticket arrive,2.0
357,nonsense   Tesla Y,0.0
358,sunshine today,1.0
359,finish make army load chicken salad busy life,1.0
360,man amazing human   sick,2.0
361,message exactly neededthank,2.0
362,Jack not stress incredible recommendation positive person Earth read grateful find channel,2.0
363,fantastic book congrat son mate Birralee Voices mate tenor know tenor,2.0
364,good luck exam cheer time meet Ill cupcake,2.0
365,story fact farmer want rehome dairy cow instead take slaughter actually show farmer care cow,1.0
366,say turn school yard squabble worried go,0.0
367,invest crypto currency good investment season lot people millionaire pray read successful life,2.0
368,hope LA song make kississaknife sound like Mary Poppins want hear,2.0
369,go joe rogan,1.0
370,Ill use Untrustworthy Narrator tag fic lmao,1.0
371,hi Nice find awake,2.0
372,injure protester,0.0
373,good seasick millpond,2.0
374,voice satisfy,2.0
375,truly gutte Warren dead hollyoak will not,0.0
376,LOL miss miss like crazy Glad luv,2.0
377,cap crime,0.0
378,OhGhostbusters,1.0
379,OMG YEAH,2.0
380,not AA prayer,1.0
381,teach,2.0
382,love Conan Obrien,2.0
383,Vinland,1.0
384,Kate Nash inspire deep mother conversation   minute late work bc mom slow,1.0
385,Spam control waste byte,0.0
386,s favourite David Attenborough,1.0
387,watch Supernatural,1.0
388,stae NY   program larry king live go chile    ,1.0
389,enjoy get old not want work people bear s,0.0
390,moment see video ape XAIK     add,2.0
391,try   rough day,0.0
392,day canal festival   let photographer,0.0
393,ve seriously shock stun,0.0
394,wish call time m big fan,2.0
395,seriously thank take time effort share creation process imagine easy feat pump extraordinary piece,2.0
396,cat funny,2.0
397,hello   NB Frankfurt,1.0
398,cut pan spatula thank need good laugh today Haha,2.0
399,Dan Google Calendar,1.0
400,love   Mocha Moouse,2.0
401,woman follow practise work man   year sit right handle life successfully good bad   ugly thank,2.0
402,love bhya,2.0
403,  want swap place come London   WPFSilverlight flash,1.0
404,will not kill,1.0
405,know feel bad talk cause know you will not live,0.0
406,hehe m   wait binocular hat mail,2.0
407,glad hear s ok,2.0
408,push work st Gen iPhone Tethering g,2.0
409,s terrible,0.0
410,cosmo cosmo sorry   m start sordid weekend early,0.0
411,fail cat mean cute,2.0
412,look good art grad school cali online cali crack suppose,2.0
413,thank watch take time leave comment ocean greeting videographer footage David edit score music underwater film shark whale dolphin etc find channel     Ocean greeting peter,2.0
414,OMG thing wrong wthatthen Africa compliment,0.0
415,restaraunt shut   ahahha unlucky fast food,0.0
416,lucky work SPJC Spray Painted Jeans Comp u    amp,1.0
417,"experience author feedback 

 maybe good give feedback   author find comment useful feel judge   probably start good help",2.0
418,feel bad study school holiday,0.0
419,thank dog,2.0
420,thank   want join yoga class video help lot,2.0
421,brevet examjiaho,1.0
422,endlessly fascinating charming insightful humane adore hear McEwan speak like   thank post,2.0
423,"perfect meansthat add exclude Quintessential mean platform great value content like 

 PS   year like second utube comment log acknowledge",2.0
424,funniest comment ve see grip bro deserve like,2.0
425,open mind,1.0
426,Billions spend machine spend poor people not afford live decent life child catch crime lack education job opportunity,0.0
427,go,1.0
428,want movie today,2.0
429,"Ursula von Leyden   Mette Frederiksen   Kaja Kola remarkable   short SIGHTED 
 not action lead WORLD WAR",0.0
430,going   go,2.0
431,yeah,1.0
432,yes blow  ,0.0
433,unpack home,1.0
434,clear Basics foe beginner great example,2.0
435,Joshs grandmas sweater absolutely gorgeous   treasure forever,2.0
436,Layzell hiiiiiii kate want ipod   tweet tweet haha xxxx,2.0
437,like   YouTube channel,2.0
438,reply week   dog away s vicious nephew,0.0
439,willpower limited discipline need achieve goal discipline not want,1.0
440,pretty happy   worry exam,2.0
441,finish like month ago,1.0
442,feel sick well fit hell sick Goddam flus,0.0
443,othen,1.0
444,Ai suck,0.0
445,girl glass win,1.0
446,not think English like stop not stop typical pitch commie cold war,0.0
447,get,2.0
448,hello want start invest m unsure start advice contact assistance,1.0
449,aha mom super power   guilt,1.0
450,m black,1.0
451,cool hurt watch,2.0
452,start business,1.0
453,work truly admirable appreciable sir,2.0
454,watch bit Britains get talent itv player,2.0
455,annoyed assumption not know stuff video know stuff video,0.0
456,universe meaning anyone life meaning life,1.0
457,m great thank   foot hurt,2.0
458,real critique     star review funny critique   star,1.0
459,"
 wake th 
 month   dollar blessing l family retire know steady incomebig gratitude 
 Expert Margaret Jayne Caucci",2.0
460,Nice   amusingly advert quotThe cheerleader IPL quot,2.0
461,unfortunately m work england   sleep rubbish night,0.0
462,powerful presenshun,2.0
463,cat love video,2.0
464,woo view beautiful animal cut,2.0
465,medicine not help,0.0
466,skin owwy   m go sun,0.0
467,sit lake listen JBlife not well,2.0
468,hi Ryan m veteran student look cyber security field video give tip field love hear thank,2.0
469,thank quick efficient explanation   think bit crazy power party big company datum duplicate steal secure,2.0
470,find,1.0
471,girl,2.0
472,"hang life 
 soooooo beautifulrelaxe deserve blessing",2.0
473,share email d comment section,1.0
474,sure,2.0
475,leave home miss,0.0
476,Estou encantada com leveza da sua voz maravilhoso,1.0
477,yay exciting glad surgery live geek   hope revision go x,2.0
478,d totally work q,2.0
479,Lovin Lady GaGaaka Lady moogoogaipan like refer,2.0
480,old metal bed frame length strong rope,1.0
481,good Thursday Morning m sleepy not sleep anymore,1.0
482,bore mall   will not come entertain,1.0
483,Logistics summery Mmmm,2.0
484,holy shit insane not believe not see battle,2.0
485,Brilliant thank,2.0
486,action,1.0
487,prop college professor watch,2.0
488,good time London town    Pretty Balanced change Alphabet   good Google tactic,0.0
489,gold,2.0
490,great video Chris Birch   enjoy watch adventure ride stunning scenic landscape     ADV R mate great work,2.0
491,bored study,0.0
492,LOL know thank,2.0
493,excellent presentation thank,2.0
494,cat seriously need life love birdwatch,2.0
495,autobiography suppose alter people basically end ship Theseus,1.0
496,voice change reason channel different unique opinion majority let know,1.0
497,look like squirrel particularly rare form tday,1.0
498,ha   DEFINITELY need practice     shape   remember   shape   thank   help lot,2.0
499,noooo   not pack tonight   looooooove,2.0
500,s finna soo dope mean outline pretty dope,2.0
501,life hard,0.0
502,cool mall crawl video bro,2.0
503,dog have surgery plus crazy day office equal anticipating   stress   ll fine,0.0
504,foil drag parent moment notice want draw,0.0
505,team,1.0
506,thing d recommend recreate favorite song amazing way develop production skill fun way analyze figure thing like sound good,2.0
507,like little bit time work lay   work,1.0
508,not believe go ai,0.0
509,thank   look like race     break femur   break tibia rib   arm wheelchair month,0.0
510,"ahahah lol 
 funny",2.0
511,helpfull request people young bit depressing not reach high   year beginner special adivse people start late,1.0
512,helpful get to try follow advice,2.0
513,look good tonight Bev look like get nice tan beach good,2.0
514,PreparationH Anusol laugh,2.0
515,wow heavily relate,2.0
516,thank youthis resignate,2.0
517,WOW   hope havehad fun WDW Wish,2.0
518,talk hr rep work today regular come tell hr Karen good day  ,2.0
519,sooo not wanna studyy   d hot sunny beach getting tan hell   ll soon,0.0
520,site crap keep change status,0.0
521,know Mother Nature shall hurt feeling,0.0
522,hate life hate people hate situation hate person iam wish m dead,0.0
523,definitely get sexy class tnitefelt good relax melt heavenly bed put mind rest,2.0
524,boo suck,0.0
525,Crayon ShinChan   love work talented nice genuine watch HOURS,2.0
526,love smell lilac comme friend apartment slide door,2.0
527,listen angel airwave not know right,1.0
528,not feel worryfree age lovely,2.0
529,awww r ugly   nice ignore,0.0
530,m sick head hurt baaad,0.0
531,amazing,2.0
532,ve bite inside lip start swell,0.0
533,course,2.0
534,work n hrs n hr day   min n fro hr lunch aka loooong day,1.0
535,comfort,1.0
536,unacceptable,0.0
537,haha d scam   hmmm month pay,1.0
538,yes s beautiful m convinced reason Rihanna beloved people sense genuine positive energy realness,2.0
539,aim high well position hit miss goal      time size goal,2.0
540,k ill sure u   wish bring u cheeseburg wut u work,2.0
541,yeah find yesterday sad   rip gary papa,0.0
542,maybe universe time s voyager earth,1.0
543,yike m ruler gosh,0.0
544,look John wilkes booth episode Expedition Unknown evidence need,1.0
545,incorrect average,1.0
546,beautiful piece well luck art prize art truly inspire,2.0
547,Moxie have course stag Leap Wine Cellars Dinner Thurs July   pm    reservation   sorry website link,1.0
548,orange clown blink fold   china winner trump chicken   buy dip,0.0
549,garage work garbage day tomorrow woohoo away,1.0
550,good morning    relax laugh hard night start day game   Wii tennis,2.0
551,sup nessie study s amore tomorrow   kyu lol,1.0
552,head need,0.0
553,ahhh yes Supernatural tonight,2.0
554,beautiful day well way start great cupo joe Enjoy world beauty,2.0
555,feel ill photo Iran,0.0
556,pretty sure David agree focus wrong thing voice instead gorgeous majesty narrate,1.0
557,fun Matt,2.0
558,m Horny   WONT help Twitter Orgasm lol   hand fold lip pokd,0.0
559,s mad cuz be not getting pay freak Illuminati pedophilia ring,0.0
560,trump boss tech overlord,1.0
561,sound cool   sad present track record VP marketing,2.0
562,Aww maa boo feelin  ,0.0
563,Josh ve wait thank,2.0
564,thank ff,2.0
565,like   laughhave good timefollow meit simple,2.0
566,set twitter account check thing,1.0
567,hmmm intrigue,1.0
568,babyy come home tommorow,1.0
569,sry nature sound ridiculous not add unnecessary sound postproduction leave   naturel,0.0
570,goat Baaahhhbby   Kinda catchy roll tongue Big Al pronounce,2.0
571,miss twitt,0.0
572,suppose think want let m afraid people opinion not like feeling,0.0
573,m ban transformer channel reason lol ve,0.0
574,content life moment,2.0
575,rosin   yes   not think maybe need use day will not butter finger    thank,2.0
576,stage,1.0
577,vibrato Twinkle Twinkle little Star well,2.0
578,jfynchdhtgsetlvj,1.0
579,wowpretty   word know    Ill vouch,1.0
580,black eye big bruise   hope get great class    Principal Rove lol,2.0
581,hellyeah,2.0
582,not believe,0.0
583,not watch anymore wound Night,0.0
584,angel,2.0
585,man passion subject make excited hear say thank,2.0
586,alot love youtube dog lmfao love u break,2.0
587,love take Fire Fightng Apptitude test not wait hear result,2.0
588,yes beautiful sorry ur sunshine go,2.0
589,bro datum science th,1.0
590,XAIKEYWORD vibe,2.0
591,yay   join twitter,2.0
592,love video game changer   want strengthen body able   want strong woman mentally physically not fragile   woman forget need strong physically,2.0
593,"here tip 

 picture hand pose want trace ve scale need segment hand basic shape sketch image",1.0
594,AI Project add hotdog classifier,1.0
595,neighbor be not bad,2.0
596,goose bump listen amazing sound,2.0
597,expensive d need Mayas tell s ram   try forwarding newegg,1.0
598,fun class cruise ship,2.0
599,haha hot pink    femenine   think pink,2.0
600,spymaster tweet go Twitter,0.0
601,thank,2.0
602,think love place not want home tomorrow,2.0
603,b end go dark lighten mark roll kneaded eraser,1.0
604,literally learn   year college,1.0
605,Homosexual tyranny capable mirror   sadly height intelligence,0.0
606,m go bed   zzz zzz zzz,1.0
607,lol thank u   silly fun think work take life try arrange work play,2.0
608,holy shit kill well amazing,2.0
609,catch extra quiet view hunt stealth moment ha,1.0
610,Beddy time   Goodnight lt,2.0
611,sound fun   dianne esthetician program work work Target right,2.0
612,Forrest ready bank loan,1.0
613,clear simple   precise perfect way explain structural realism   thank excellency uni teacher learn skill,2.0
614,wow love video helpful thank,2.0
615,d,1.0
616,soooo loudry neighboring people,0.0
617,hello   xxx,1.0
618,mention Bora Bora l see video   travel ad look exciting    bet enjoy go memory lane,2.0
619,fucking lose game,0.0
620,windowsrc instal nc convert trial pay version msonline pay   license need,1.0
621,stomach say quotI hate foodquot,0.0
622,thank share knowledge,2.0
623,Prof Linda absolute genius love teaching,2.0
624,want yoshinoya,1.0
625,big prob   voice stay head big huge vocal good sheet music,0.0
626,m happy new song rock studio,2.0
627,  year old   register masters degree International Relations,2.0
628,good luck wthe awardnot vodka,2.0
629,Iaas paas,1.0
630,ok LOL,1.0
631,earn follow like way explain way past thing hold,2.0
632,jt win survivorhe cutie,2.0
633,fake news CNN,0.0
634,go sleep,0.0
635,sleepfail horrible m sorry yonder,0.0
636,UK store sell wood cut dimension free charge,1.0
637,seashore seashore    enjoy boracay trip   sana di umulan umitim ka,2.0
638,watch Wolverine far cool,2.0
639,hard god hard ve go m,0.0
640,not fall asleep,0.0
641,yknow fibromyalgia real right precusor,1.0
642,miss single,0.0
643,sadly shower,0.0
644,wise leader peaceful negotiation save people instead peaceful negotiation   decide listen western leader mislead,0.0
645,say goodbye boy summer,1.0
646,s nice man,2.0
647,possible build computer secure use track,1.0
648,Ele canta muito bem,2.0
649,tell kind bird,1.0
650,"refined athleisure 
 love video   thank",2.0
651,watch ccea hw time sick,1.0
652,Legend come buy minecraft   ruppee,1.0
653,download new Twitter app phone well,2.0
654,rain d pour like,0.0
655,example happen mean animal,0.0
656,m glad iPod Touch work,2.0
657,ogqm work woman gay weak man   popularity crash,0.0
658,simply superb,2.0
659,not startednext yr big    memy s blur,0.0
660,not cool,2.0
661,thing certain crypto stay thing leave people not manage risk manage market manage right strategy survive,1.0
662,  short    answer question send,1.0
663,China well find way water world run dry popuation grow expodentially rocket science,1.0
664,gettte ready school amp eat hot pocket yummyy,2.0
665,Ralph Nader Howie Hawkins Dr Jill Stein great leader,2.0
666,finkin,0.0
667,Glory Honor belong God Jesus Christ,2.0
668,dang Ward open chance free ice cream Windward far far away   menchie,1.0
669,Degen gamble feature officially live HINARIAI SOL continue set apart genuine steady growth evolve story     gjugmmtekuxphwmrgczmjnfuaphuwepypump,2.0
670,bore work,0.0
671,upload pic twitpic,1.0
672,use chat gpt hahaha,1.0
673,IPhone   update emergency IPhone ITune not connect ITune store complete request,0.0
674,today case yesterday like Duncan Sheik quotbarely breathingquot   fe viral infection,0.0
675,shout repeat instead realize offend catch guard,0.0
676,day    mnthsbought new jeanshave able   ride bike    busy get ready    mnth,0.0
677,hi m enjoy video m Singapore,2.0
678,dance flick job,2.0
679,finally find CALYPSO   Guy work proceed attempt coerce buy cig throw receipt store bedtime,0.0
680,thank AnimalWonders MontanaWatched home business pet sittingQDont liability insuranceIt imperative obtain,2.0
681,"ok gut glory brain   counter file win   row throw party 
 Edit   Counterclaim fail",0.0
682,great timing think ditch Pinterest lately,1.0
683,"sound LOUD 
 tip help thank",2.0
684,eye dog face tell think dog,1.0
685,beautiful   thank share,2.0
686,seemit FOC,1.0
687,kinda gutte vulnerable not set list,0.0
688,excellent message thank incredible work m grateful God retirement steady income huge success provide well life family year struggle,2.0
689,literally popular book not away free copy hotel room sort value,2.0
690,HILARIOUS   LOL,2.0
691,people step come clean admit not power,1.0
692,minor wobble yesterday son birthday bbq build party bbq young hospital get bit,0.0
693,work wonder natural curve line,2.0
694,pant month,1.0
695,fleshlight lube       zenjar,1.0
696,well undead sausage,1.0
697,talk thenfine,1.0
698,meme non consensually borrow episode number,1.0
699,bye bye rolex time good whilst last,2.0
700,bug like headrest look like cleopatra,0.0
701,looool greaaaat pic not face,0.0
702,yeah send direct message email address Ill send,1.0
703,favourite elevate athleisure think width optionscombination allow,2.0
704,resist catch twat need know setlist   Superexcitedcom,0.0
705,day lay pool hang,2.0
706,miss Besties Lovers   lt,2.0
707,open Warner Bros Hoo Rio II   directtovideo animate cocoa puff great chocolatey taste musical fantasy adventure film IMAX Theaters AMC Digital,2.0
708,hour   minute early,1.0
709,God win WWGWGA,2.0
710,thank namecheck plug book Toby   appreciated great work,2.0
711,thinking know kinda make feel like love,2.0
712,aright like chocolate red velvet good,2.0
713,read Eric LaRocca favorite   ghost book hahah,2.0
714,audiobook love listen voice read soothing,2.0
715,terrific video student research reason space exploration help classmate,2.0
716,dude   like cook,0.0
717,art class take teacher use pencil eraser eraser allow flow honestly fun find eraser anymore,2.0
718,yk crazy go read post laugh get eye open feel love fr,2.0
719,oh maybe ill come visit,1.0
720,m awake night u talk u not sleep,1.0
721,  hospital sigh wanna home n rest   iv makin cold,0.0
722,Tenho paixo por est voz e violo amo demais,2.0
723,Denofa smoke crystal run Denoofas,1.0
724,quotCan youu tell perfect love go wrongquot,0.0
725,People read Mandarin,1.0
726,stage   version quotThe Persistence Memoryquot Salvador Dali m work,1.0
727,morning s today,1.0
728,emergency room,1.0
729,bird look majestic,2.0
730,absolutely hear true account trail tear   read,0.0
731,live swindon move south want swindon big weekend friend,2.0
732,  millionaire,2.0
733,super super super grande grande grande Kevin de Bruyne super Pep Guardiola Super Manchester city,2.0
734,m track s happen book pay,1.0
735,noooo not want Hannah Montana end,0.0
736,good job,2.0
737,Anytime Ahad   today,1.0
738,come inputte   ignorant   ve bombard roman numeral study people play ear think Roman call chord progression,0.0
739,thank   great tip efficiency,2.0
740,like Alexander great mahatma gandi,2.0
741,yup s thing think   kinda acceptable reasonable proper lighting fill   u run away   tho,2.0
742,YESSSSSSSSSSSS,2.0
743,alllllll clean,2.0
744,cut wire individually not short cutter,1.0
745,great job explain thank,2.0
746,yay thank guy,2.0
747,m right babe   not u know m King Julian   xD HERO destroy world,2.0
748,cybersecurity thing easy use google spy find document legal long not share use way,1.0
749,welcome Vietnam place beautiful scenery peace delicious food handpinkwaving,2.0
750,not know Asmons editor documentary Cool,2.0
751,cool stinger,2.0
752,follow step build website buisness    abdaal,1.0
753,  well,2.0
754,change perspective look ai field,1.0
755,luff pic beautiful   hugs,2.0
756,listen   beautiful Akon chick RULE,2.0
757,holiday rest   work morrow,1.0
758,argue brilliant figure way overcome obstacle,1.0
759,Forgot   hour ahead EST   FABULOUS night   Dusseldorf Save memory eternity,2.0
760,day Xmas sound wonderful,2.0
761,business strategy   focus action competitive advantage differentiate result sustainable value,2.0
762,stop starbucksor gma cranky,1.0
763,Yume Kitasei   book standalone easy d book come later year look forward,2.0
764,YouTubecollege,1.0
765,yup young man,1.0
766,remember photo ID,1.0
767,well remember follow ill wolfshit ass,0.0
768,especially literally collaborate Chrysler,1.0
769,comfy pink juicy sweat   lt,2.0
770,"Ver el carro de rally y los JDM formado derrapando es una de las mejores toma 
 Y porsupuesto takumi coduciendo el  
 Vaya regalo de final",2.0
771,ugh not allergie medicine,0.0
772,lover Crows hear review wonder read book people like understand not like itbut definitely book read,0.0
773,lmao face look funnyyyyy,2.0
774,school make eat   pasta   yummihope ll taste good hahaor Ill joe pizza,2.0
775,not school ally,0.0
776,fj,1.0
777,university campus palestine protest kid adult talk,1.0
778,fav,1.0
779,yes m come need figure   NYC subway scary subway,0.0
780,guess go strait bed get home see Land Lost actually pretty good,2.0
781,trinken bei maddin party,1.0
782,surprised government take treasure like right historical finds,1.0
783,wow thank,2.0
784,yes slow tweet reverse lol Btw thak say lovely blush,2.0
785,Mmmm m starve stick work    Tom tour man text hi funny   x,2.0
786,listen music   dosnt think ben cut hair gtgt lonly   booo suck,0.0
787,cinematography simply breathtakingevery frame masterpiece,2.0
788,kiss goodnight,1.0
789,eww sand hair,0.0
790,good luck competition hope win day set awesome,2.0
791,wish sluttin w   waaaaaaaaahhhh,2.0
792,cute dog,2.0
793,summer skin care routine oily skin,2.0
794,awesome night,2.0
795,not work,0.0
796,fun djin   day   not pay free party good,2.0
797,love Janos szekely find lost book write read,2.0
798,Awsome Night Maxwell Point,0.0
799,usual word opposite happen   hello rain,0.0
800,nice,2.0
801,love video read powerless,2.0
802,yes   like version,2.0
803,ve go update ioniq   n line look amazing well list,2.0
804,"love project   look beautiful   fireplace absolute favorite 
 love house",2.0
805,miss good ol day,1.0
806,thx want use video background   find backgroundnot Minecraft parkour guy   find   save lot time effort  ,2.0
807,Doh good idea new video oomph time,0.0
808,encounter Siberia   Access deny,0.0
809,great job,2.0
810,cut fund sanctuary crime needle poop fill street,0.0
811,hurt ally,0.0
812,bot know come mislead title actually want laugh thought simple minded,1.0
813,Mr Dan thank m   year age energy goal help clear despite odd people think m ambitious,2.0
814,agree,2.0
815,like Jacob,2.0
816,reply    hahah,1.0
817,ok hard   xX,0.0
818,watch   Old gold,2.0
819,head AZ,1.0
820,survival mode bring unexpected moment ve document new seriesminecraft adventure Epic Survival Saga love longform survival content,2.0
821,think waay go sleep,1.0
822,time,1.0
823,nice try young lot drawing forget thank share trick possibility marijke,2.0
824,not clickbait genuinely fine color scheme,2.0
825,need   ppl follow   tell   send   plz thank,2.0
826,say use twitter fail badly FML,0.0
827,tummy tell biscuit gravy bad idea know d close,0.0
828,Yeaah stuff read Mags consider Bullshitt not worry love Youu,2.0
829,yes s freak hot   different,2.0
830,  ,2.0
831,make perfect sense give confidence learn thing ve write book beforejust start time,2.0
832,Kristen annoying love awkward,2.0
833,glad,2.0
834,nice,2.0
835,damage car m piss,0.0
836,super helpful thank video,2.0
837,Digital asset reserve,2.0
838,adventure time inro bird,1.0
839,mean different talent,1.0
840,thrive Ivory bloggingoh Saturday,1.0
841,Que Dios le de al que hizo este crimenno menos del que el hizo,1.0
842,get tho,1.0
843,not normally comment video vibe video editing style comforting love fellow sister Christ immediately sub love,2.0
844,dumb idiot weather machine,0.0
845,think AI enter new phase look company invest AI research budget good idea consult financial advisor personalized advice,2.0
846,omggg tran right good,2.0
847,puppy favourite love,2.0
848,not let elon XAIZ pass monumental moment history not want leave loop ground floor,2.0
849,tv   good holiday mate,2.0
850,work early go neice graduate PreK today OMG grow fast,2.0
851,scrabble fun pac man make nervous play stupid little ghost chase   play scrabble,0.0
852,m sooo sorry not follow   say ill pay let n suck   ill try good   you,0.0
853,haha love amp miss cosmo,2.0
854,Gunther coffee shop today,1.0
855,wow documentary show incredible nature watch penguin whale thrive wild place like Antarctica fill hope wonder,2.0
856,GIRL straight love silly,2.0
857,background music soothe make sleepy not focus video,2.0
858,great common sense approach thank put perspective,2.0
859,way home give twin atlantic miss not courtyard s twice ve miss,0.0
860,pl,1.0
861,damn miss barret,0.0
862,yay scrub day comedy central,2.0
863,son mike maignan,2.0
864,interesting video good example,2.0
865,vtyhdy,1.0
866,clip jonas quotfly mequot beautiful,2.0
867,congrat baby    btw   hair kind like quotplayoff beardquot   TDF wold final,2.0
868,hey mar miss   yeah   get to find stupidstupid school,0.0
869,beat tip use separate email vendor bank achieve complete security,1.0
870,mmmmm yeah history suckkkky Vietnam Hahaha wet hair dripping   x x x,0.0
871,miss david archuleta cook HUHU   miss soooo baaad,0.0
872,m drunk,0.0
873,get   watch thing ll miss specialness vid,1.0
874,hi smiti cum twitter pleaseee,1.0
875,  invite noooooow,1.0
876,plane fisrt earn YouTube second earn buisne stoke   year old,1.0
877,silk road lead wear silk underwear,1.0
878,welcome jungle,2.0
879,enjoy practice today feel bit tired not know,2.0
880,yea exactly think go easy m beginner say experience challenge beautiful look beginner yoga video anymore,2.0
881,sadly t live san diego,0.0
882,Unbelievable flow tentacle not showtheyre deadly weapon single touch fish paralyze doom consume Nature mesmerize ruthless thank capture stunning moment,2.0
883,beautiful day   wish Caen president Barack Obama,2.0
884,know     know,1.0
885,apply   car engineering apprenticeship uk help thx,2.0
886,earth not know anymore feel like friend stranger,0.0
887,paaacke   drinkyy friend leaave month,1.0
888,tip rich parent birth graphic designer,1.0
889,understand talk beam Earth Sun maintain   AU relativistic time dilation electron repel,0.0
890,awww cuuute black cat s   month old,2.0
891,not like bit surprised good ve see snow not,1.0
892,Aww,0.0
893,yeah see awesome photograph cease amaze,2.0
894,click browser yeah fave feature,2.0
895,cut funding homeless vet street,0.0
896,Ouvi pela primeira vez ontem encantada,1.0
897,nethaji Gandhi follower india,1.0
898,good morning dear d welcome comment blog,2.0
899,wanna ready,1.0
900,exam tomorrow favourite subject not bring study,0.0
901,happy belate birthday dude      right,2.0
902,information not productive,0.0
903,work play,1.0
904,arm bleed,0.0
905,guy come North Oregon year,2.0
906,good night sweet dreamz,2.0
907,wish   not know want bad m middle rehearsal play,0.0
908,cute   love new,2.0
909,unsubbe aislop,1.0
910,nkunku play like notice period,1.0
911,wish let know s responsibility legally responsible,1.0
912,shoppppppe w mommmmy,1.0
913,Whaat not think ill able,0.0
914,"hi thank watch 
   BEST playlist find Relaxation Healing Quiet Days 

  Forest   Soundcapes 


  Switzerland 


  Nature Morning   Quiet day 


  Calm Music 


  Animals 


  ocean",2.0
915,lol   ty,2.0
916,m fine ruin book like bible,0.0
917,actually find   BTC   sound small real find short channel,2.0
918,thing good   Spring make restless,2.0
919,arm burn,0.0
920,wake   Sunday mean crazy amount free time apparently realise hour day,2.0
921,m sooo bore come play,0.0
922,Great Cover,2.0
923,course topic,1.0
924,especially etihad,1.0
925,day m go work like look   sincerely Mizz Nina e,2.0
926,consider monster painter,0.0
927,ye baby software issue sort way start week,2.0
928,clearly explain wow,2.0
929,thank,2.0
930,trust ve like week far go tonight good,2.0
931,grab bottle water run work perfectly,2.0
932,yo quiero un perrito,2.0
933,color nail beige color let know,1.0
934,want train Long Island,1.0
935,know listen grey dull Chester lash Liverpool   get wet come work,0.0
936,accomplishment,2.0
937,look forward rainy weekend,0.0
938,u yellin boom boom u poom poom,1.0
939,link not confirmation   release time,1.0
940,tent,1.0
941,best car reviewer good dress guy fresh,2.0
942,link not work hon,0.0
943,amazing nat,2.0
944,Motivation spark fire discipline keep burn,2.0
945,love song quotspeed dialquot quotwelcome hollywoodquot totally great,2.0
946,german sell japanese car New York,1.0
947,download shader parkour map parkour spiral record bruh,1.0
948,u not watch vid havnt u,1.0
949,Divoom Pixoo   google like,2.0
950,m surprised Battle Atlantic not,1.0
951,Omg think eat bad Stomach fuck kill   lame m go bed,0.0
952,noooooo hour u cruel hahahaha jk,0.0
953,great meet   God Bless,2.0
954,good good trick get like work,2.0
955,"like know find car   sticker 


 realize post",1.0
956,Runway Magazine interview super geeke Wish kid luck   xoxo,2.0
957,week go hope,0.0
958,  u stil ur ipod,1.0
959,love dog friend,2.0
960,try accept wing go to win get home turn game look good,0.0
961,watch quotYes Manquot Jim Carrey amazing couple part quotWhoahquot good,2.0
962,Commercial Trader Joes    think look like   yay tj,2.0
963,super helpful thank,2.0
964,solid series mental health video ve find YouTube change lot life integrity work science base great demeanor make pleasure listen,2.0
965,song unbelievably clever tone voice rhythm guitar make sound like beautiful romantic love song listen lyric deep painful love Hozier s incredible artist,2.0
966,house clean stage ask people   spider die process,1.0
967,song,1.0
968,gah suffer sister attempt quotplayquot guitar,0.0
969,tell refer,1.0
970,quoti love laughquot mary poppin thank,2.0
971,alive miss,2.0
972,reason ask question irish people generally dislike english people government kingdom surprised irish individual like significant german ancestry comment positive like appreciate,2.0
973,think Ill London year anywayshopefullyxDuh not come u GDcause school,0.0
974,good morning,2.0
975,second day detox cave night nutella toast    Feelin strain continue Moulin Rouge,1.0
976,l praise   God   amazing creation,2.0
977,ur pretty,2.0
978,Gak pernah kecewa nonton video kamu Selalu bermanfaat dan seru dp k di,1.0
979,throw Whitmer bus play Trump,0.0
980,make sad lose follower today    goshmaybe m take twitter thing seriously   LOL,0.0
981,welcome Melbourne,2.0
982,musicmonday King Blues bolder,1.0
983,Questa donna dice bugie se va tutto bene come dice come mai democratici anno preso una sonora sconfitta,1.0
984,lad live life,2.0
985,m graphic designer aspire graphic designer love video engineer like watercolor find inspire watch people discuss art design fascinating,2.0
986,miss   want,2.0
987,ahhhhh not wait till Friday tweet possible time ill    s ok yur fav,2.0
988,life change storykeep upgood luck,2.0
989,"Brock Lesnar Guy 
 sure m sure   hour unused footage",1.0
990,stay social medium true goal,1.0
991,listen radio     not ticket   live swindon gutted   excited hear neyo ndubz,2.0
992,comment,2.0
993,discriminate work,0.0
994,get exam soon,1.0
995,poor son circumcise right,0.0
996,m surprised mention stumble client testimony CNBC news week,1.0
997,love video   speed need adjust speed watch,2.0
998,SOOOOO excited iPhone     Windows Mobile,2.0
999,funny,2.0
1000,comparison amp Gruaud Larose great,2.0
1001,deal dead budgie,1.0
1002,leave itouch Melindas purse night   rock gig rediscover old music like   s debut be not,2.0
1003,fleamarket Nick amp lunch,1.0
1004,mystic soooo nice peaceful remind classic american town s tv show yup mystic fall lmaoo,2.0
1005,fact introduce like not know queen,1.0
1006,thought similar project Chaco close land Taromenane Tagaeri humanitarian safe zone ecological illegal logging push away land logger kill,0.0
1007,good think m go book,2.0
1008,fave   will not look   hope Mikey sing Steo amp Ro wait amp xx,2.0
1009,tell Kimberly tell,1.0
1010,city pick laptop squeeze painting,1.0
1011,Jack Spades away get Royal Flush,1.0
1012,ok not believe literally recommend exactly look talk hex jenni fagan lol thank,2.0
1013,nice society far,2.0
1014,accidentally leave Bose headphone time dead battery   noisy flight quickly luxury necessity,0.0
1015,resave mean,1.0
1016,day complain,1.0
1017,chlle atdi gna chiill home maro maybe taco truck money possibly friend band practice,1.0
1018,"Donald Trump Trumps America 
 rest world Chuckles m danger",0.0
1019,leg arm painful day sun,0.0
1020,thank,2.0
1021,happy try hump,2.0
1022,funny,2.0
1023,lose help find good home,0.0
1024,hey hear ustream tonight want enjoy performance like stylekeep,2.0
1025,   think come New Heaven New Earth gloriously beautiful peaceful,2.0
1026,"govt horrible 
 vote 
 yes",0.0
1027,m feel overwhelmed english coursework revision,0.0
1028,pretty happy thing change past   monthsdefinitely good,2.0
1029,"global warming 

 come mention pollution add atmosphere space rocket",0.0
1030,good advice give lol,2.0
1031,celebrate new pr glass wine,2.0
1032,  s crazy   woulda love hear poem,2.0
1033,quotusable happiness product simple use make smile time use itquot gt Macbook Pro    mac,2.0
1034,aw man wish go bad m continent,0.0
1035,goal not end reach,1.0
1036,Toyotas legendary reliability smooth electric performance BZX strong contender fast DC charge speed significantly improve usability reduce downtime long trip make convenient highway travel urban commute,2.0
1037,thank teach add video Microsoft   administration,2.0
1038,fuck today   gay life hard guess ill spend money today,0.0
1039,s big audience InvestFest great time,2.0
1040,single word     Finance paper class worried   month write want,2.0
1041,fuck hate   m gtlt,0.0
1042,Verdad,2.0
1043,chea dude wassup witcha,1.0
1044,"safe fly truly scary 
 people die 
 condolence family loss love one",0.0
1045,brand available EU near zero repair center,0.0
1046,hi Jon,1.0
1047,unfortunately putler way protect s beautiful Russia shame destroy people petty selfish cause,0.0
1048,yeah ve start,1.0
1049,got delightful fridge magnet app iPhone,2.0
1050,eat good food help skin,2.0
1051,lol big free yousendit lol split,1.0
1052,move nuclear bomb yr ago,1.0
1053,IM good have LAZY SUNDAY   ENJOY BEAUTIFUL weather,2.0
1054,HEYYYYY thank find channel,2.0
1055,go talk cool thing,2.0
1056,Party ballin learn dance correctly convenient,2.0
1057,  ugh kathleen street bad street town welfare people life bad bunch,0.0
1058,awwww maddy go,0.0
1059,good beautiful world God bless animal people save,2.0
1060,different file call music csv vgsalescsv file link,1.0
1061,hear Kyle Buschs pr people look,1.0
1062,great video tip beat point sub,2.0
1063,stock share,1.0
1064,Hahaha love young people meeting,2.0
1065,not trust guy,0.0
1066,aww miss cat   home visit soon,0.0
1067,want rmbr,1.0
1068,dog tug watermelon cute,2.0
1069,ha s true carnal man,1.0
1070,need cowbell good thing m see blue yster cult BB king tonight,2.0
1071,favorite video youtube,2.0
1072,exactly sir huge breakthrough,2.0
1073,beautiful day drop light paper,2.0
1074,lose AST stuff try Motes test pass test super brittle,0.0
1075,yum gummy worm,2.0
1076,good picture m,2.0
1077,want giant ice spider hear Antarctica,1.0
1078,go bed feel today get fever,0.0
1079,plz let know font video,1.0
1080,study AP world rn,1.0
1081,ok ok Habs gerade bestellt,1.0
1082,old   F look unassuming v like   hp,1.0
1083,totally depend drape,1.0
1084,ve appreciate RFKs speech MLKs death speak white man black crowd civil right leader murder manage speak calmly inspire,2.0
1085,oh girl soooo cute amp major flirt   not number,2.0
1086,love baby girl,2.0
1087,happy Birthday nephew totally suck not party,2.0
1088,Abe Throughway,1.0
1089,yo ire,1.0
1090,come   past week Manc train   aswell sooo worry,0.0
1091,booo lol gr meet today mebbe c u morrow,2.0
1092,decide watch night museum good decision cuz hilarious cherub cute,2.0
1093,welcome,2.0
1094,rumour nice   not sad wonderful person   xxx,2.0
1095,let m,1.0
1096,rightvehicle wash time cuppa paperwork hope have good Saturday far,2.0
1097,sososo lucky,2.0
1098,cat,1.0
1099,idea different email address financial account brilliant   easy setup effective help identify phishe message   thank tip,2.0
1100,study compute yearbring feck change plant science   year,1.0
1101,noob people start shout Tom play song masterpiece Beethovens Fr Elise   kid not know s board enjoy,2.0
1102,human fine unwelcome colony ant deal go,1.0
1103,happen,1.0
1104,remember believe Earth spinning spaceball float expand universe,1.0
1105,look like shit,0.0
1106,thank share inspiration,2.0
1107,good morning,2.0
1108,cagematch,1.0
1109,not wait weekend away,2.0
1110,vg protect evil eye,1.0
1111,Fhvjckc,1.0
1112,excellent    m good thank   yeah wait launch   new program marketing system m,2.0
1113,hand luck lose jackpot sad day,0.0
1114,hi mam kiya apse online consulting kar sakte hai,1.0
1115,gynyr csodlato az utbbi idk legszebb koncertje s mg mindig van egy jabb TOPkszi,2.0
1116,laughter help adopt kitten laugh,2.0
1117,hahaha hope notice,1.0
1118,damn hot Temperature wise work experience   far good,2.0
1119,jol donnt feelo gooood   justt takin dogey cokeecainee errrgghhhhhh,0.0
1120,get spit water,0.0
1121,follow ma bf,1.0
1122,Jst get pull speedin Indiana,1.0
1123,weekend beach great surf   break fin great people great view   word   awsome,2.0
1124,m k,1.0
1125,gps cell phone addy,1.0
1126,college ATM   weather awesome tho,2.0
1127,cheer spot   not find App Store,2.0
1128,Scorchio san garden   summer finally arrive,1.0
1129,thank help start morning right,2.0
1130,good music actually,2.0
1131,pot psychology   watch week   dumb reason not commentaccount disable,0.0
1132,"consider amateur historical documentary buff love video 
 thank come",2.0
1133,love   Season    m late party,2.0
1134,ok Ill today,1.0
1135,Minnesota,1.0
1136,poorly   class   happy camper,0.0
1137,m jealous early work ass project school,0.0
1138,know,1.0
1139,XIANGOSHU,1.0
1140,SPF   sentosai dark,0.0
1141,hear fedora time try m disappointed   switch ubuntu,0.0
1142,london biggin hill,1.0
1143,Se ve muy real,1.0
1144,tint plz,1.0
1145,  mos contract current iphone not upgrade,1.0
1146,temp drop   come save garden   get damned thing ground yesterday,0.0
1147,Las piedras las pegaste con base coat,1.0
1148,obviously live Alaska radio station,1.0
1149,Nice Pic big happy family,2.0
1150,stream webhushcom Actually lagging like   delivery    Malinga suck   run,0.0
1151,"hi thank Listening Watching 
 nice weekend 

 Richard 

  backup channel 
  nature sound 
  Piano 
  K video",2.0
1152,thank Chris realise fool m dream n stop learn matter old feel,2.0
1153,great overview find history fascinate video wonderful job encapsulate complexity significant event World War thank share detailed content,2.0
1154,VBS day go day   time catch breath n rest tomorrow   day come,2.0
1155,like fall American Republic rise American Empire,1.0
1156,YO WADDUP HOMEDOG ARIEL,1.0
1157,like headphone,1.0
1158,oh   hope get well soon,2.0
1159,Meridian think week,0.0
1160,OMG follower thank haha want d guy feel like  ,2.0
1161,find glue cow horse,1.0
1162,tea plain good   white green oolong black plant know,2.0
1163,thrill June badass   blunke,2.0
1164,XAIZ far x,1.0
1165,music universal language not border d,2.0
1166,fast schoolbus ve see thing huge,2.0
1167,prob juuuuust fine shot oh fun night,2.0
1168,Dar tu,0.0
1169,OMG   year old young artist inspire thank watch day,2.0
1170,hahaha yeah busy gloating win swear smile plaster face,2.0
1171,m road Bentonville,1.0
1172,s oily,0.0
1173,dream plan   Awesome,2.0
1174,simply superb,2.0
1175,lol not blame go horribly wrong wedding get ring s need   lol,1.0
1176,beautiful Metal singer trance   Sharon rulez,2.0
1177,oc good everrrrrrrrrrrrrrrrrrrrr,2.0
1178,fail mock driving test ill failin ass not start revisionn   soo sunny olt,0.0
1179,need today thank Namaste,2.0
1180,hope pick snakeskin one,1.0
1181,remind m quarterback anymore m coach think new leader easy time transition mind set need run great team,2.0
1182,clickbait not gun thumbnail,0.0
1183,m art kit show,2.0
1184,get cut grass,1.0
1185,feel good wish cuddle man,0.0
1186,omg lucky bum   Canada miss awesome event like Lolz date tmr,2.0
1187,l,2.0
1188,TOTALLY   say,1.0
1189,thank,2.0
1190,guy find forbidden ebook call void Power ll todays business guru actually money trust,1.0
1191,watch ncis,1.0
1192,maybe hire freelance narrator,1.0
1193,hi new art god,2.0
1194,German not read     congrat anway,2.0
1195,prayer card soak coffee,1.0
1196,thank Jose tip,2.0
1197,milo cidade intwressante e animada Moda ecltica   e linda Casacos espetaculare Obrigada,1.0
1198,mere aage ke bal tute hai kya karu,1.0
1199,thansk tip,2.0
1200,AWOOOOGAHHHHHH heheee hope decently price breakfast real quick David,2.0
1201,America need China China need America,1.0
1202,skeptical ask Google AI say bird stay air year land make s video AI wrong,0.0
1203,sure,1.0
1204,"king 
 thank",2.0
1205,pretty,2.0
1206,ooo author,1.0
1207,wait,1.0
1208,lol,1.0
1209,learn live moment Goodnight,2.0
1210,nice morning flow open start day,2.0
1211,hello friend hope enjoy practice like know film Alicante mountain background call Aitana high Alicante,2.0
1212,m sorry have bad day    look need knuckle sandwich,0.0
1213,finally get pit,1.0
1214,yep   est website watch supernatural season   yesterday x go FOH th,1.0
1215,crucify brother sister gender age group weapon create hunt eat food sem   etc dirty kill egg baby,0.0
1216,funniest video see long time   splitting,2.0
1217,not find guitar hero dnw play rockband,0.0
1218,tired happy excite love,2.0
1219,know right   formal education music theory selftaught basically find scale chart guitar magazine   year ago ve figure scale interval individual basis spell,1.0
1220,busy week miss twitter Night Tomorrow come,0.0
1221,Jones Jessica Martin Thomas Brown Matthew,1.0
1222,NYC miss wait,1.0
1223,wish watch   fun,2.0
1224,best time learn try skateboard,2.0
1225,dead like   coo,1.0
1226,bro use apk,1.0
1227,Malcolm watchlove kid love good old Oz flick,2.0
1228,nah son jump community game server multitude game sound exciting travel world surf internet,2.0
1229,hair sleep sleep silk cap,1.0
1230,frickin cereal Biden,0.0
1231,miss late flame oh,0.0
1232,mean YouTube directly pay video money ad video provide YouTube allow monetize give song entirely possible monetize,1.0
1233,quotyoure lucky famous talented way Tom Fletcher notice   quot   oh boohoo,2.0
1234,ok ya week,2.0
1235,congratulation ill definitly vote,2.0
1236,Wah m work hot   wanna parknic,2.0
1237,Josh kelly concert tomorrow house blue,1.0
1238,awake barely snuggle bed kitty get ready annoying day work,0.0
1239,fact,2.0
1240,new blackberry great   thx mamah love u   btw itz bummer coz itz week exam,2.0
1241,precious baby,2.0
1242,yay glad okay   enjoy cheesecake cumb,2.0
1243,refreshing hear sustainable customerfocused growth instead quick hacksbuilde solid foundation definitely key longterm success integrate datadriven decision deep understanding audience win combination thank actionable advice,2.0
1244,happy Roland Garos new champion time    Bored nadal,2.0
1245,love Sydney,2.0
1246,kennywood amazing ppl,2.0
1247,love home love maximize space keep main living area open great job fireplace love,2.0
1248,direct message,1.0
1249,happy Birthday Ta ice cream,2.0
1250,pragmatic analysis,2.0
1251,feel girl perspective,1.0
1252,pray watch video successful life,2.0
1253,go KL invite,1.0
1254,Sir good teacher come star,2.0
1255,good mornin pip,2.0
1256,awesome video professor,2.0
1257,have lazy day garden love sun today,2.0
1258,Ausfahrt actually big city Europe road sign city cover Germany Austria Liechstenstein quarter Switzerland tiny Lusembourg small Belgium,2.0
1259,great video include playlist digital citizenship think people learn safety measure school internet safe place,2.0
1260,call finish work Battles   hate Twiiter BOO come fagbook doome news,0.0
1261,comment absolute good ve see LMAOOOO,2.0
1262,Pwease come Melbourne,1.0
1263,Sooo ready movie   bad date bc reject,0.0
1264,Fay Lake,1.0
1265,k later like   m tired lol,1.0
1266,have fun   m happy db,2.0
1267,hard watch essential list hope learn collective past well,2.0
1268,need lose weight eat lately,1.0
1269,here late tune    leave comment,1.0
1270,time use makeup wipe LMAOOOO,2.0
1271,SouthKorea voice talk not sound situation,0.0
1272,make look easy easy,1.0
1273,"Friday 
 grateful",2.0
1274,Brilliant,2.0
1275,wanna longboard rain ughhhhhh,0.0
1276,sort room seriously bored want play   s work come x,0.0
1277,refrigerate,1.0
1278,  m blow away prediction China translate economic military try dominate Asia consider territorial dispute East South China Sea Great video,2.0
1279,ghastly paperwok report   home,0.0
1280,not sleep,0.0
1281,"track spending net worth change time god eye view 
  track performance project",1.0
1282,lmfao   love yoult,2.0
1283,s bro spur good tonight   nice avatar pic lunch dinner haha,2.0
1284,"m write novel not know post online yk 
 idea like fanous platform",1.0
1285,ouch ve manage hit eat cupboard door argh,0.0
1286,lazy dayzzzz jona premiere tonight,1.0
1287,care,1.0
1288,m sick eatte cheap mint r soo good   mhmm,2.0
1289,fucking early,0.0
1290,you get great taste fine film,2.0
1291,tip forget mention let know tip fellow designer,1.0
1292,slick micro documentary,2.0
1293,nothin like m kinda freakin pretty bad,0.0
1294,"answer question 

 yes IM 
 thank great video",2.0
1295,thank charlii,2.0
1296,wow great,2.0
1297,stop post scam shit,0.0
1298,day dollar   not want work,0.0
1299,bro m Narnia,1.0
1300,cyber attack cost life,0.0
1301,scary time live,0.0
1302,ticket   sort   eeee excitedddd,2.0
1303,m car mean,1.0
1304,haha true,2.0
1305,"stock market Feb   nearly   week tariff anouncement 

 problem",0.0
1306,oh Leyton wedding,2.0
1307,home hike Meldon Reservoir,1.0
1308,watch   hour everyday   year   month,1.0
1309,want come bk N hv anotha look   da MANPRIS luv em   chooooow,2.0
1310,aww m sorry   try s ticket leave,1.0
1311,good morning honey ok rain warm u go to play cool toy today,2.0
1312,God bless,2.0
1313,fr s funny comparison,2.0
1314,man love effort technical analysis brother,2.0
1315,"feel kinda guilty dirty give like absolutely 
 absolutely disgustingheartbreakinghorrific story hear absolutely forget",0.0
1316,eat frosty,1.0
1317,powder,1.0
1318,mon ipod est mort,1.0
1319,original fl studio like   year ago learn pick past month new hobby    video pack good info   certainly recommend start music production,2.0
1320,pump spotify tune playlist today,2.0
1321,Rainy day Philly   look like go to movie night,2.0
1322,ok go read new entry check late post    write    expect approve,2.0
1323,single helpful thank,2.0
1324,go crazy pain unbearableamp get to wait till thursday,0.0
1325,unwind long daykinda glad cavs win Brings hope Kobe vs Lebron,2.0
1326,Y indian medium concerned b Terrifs,1.0
1327,Goodnight amp Sweet Dreams XOXO,2.0
1328,right awesome,2.0
1329,OMG bloody brilliant fair save witty banter xdd flip awesome EllenPage   word,2.0
1330,Alan amazing laugh matter not wait new advert funny,2.0
1331,man aged like organic green bean buy week ago feature engineer   dead Proompt engineer galaxy brain,0.0
1332,not wait way look good,2.0
1333,like new   Buzz bring flashback kinda trippy s s station quotwhoop isquot,2.0
1334,good,2.0
1335,congratulation new furry friend cat unique personality great hear guide helpful thank watch,2.0
1336,not understand point tier,0.0
1337,hahaha yeah m sure not mean,1.0
1338,agree,2.0
1339,SighI tidy roomso annoying,0.0
1340,BADLY        JOURNAL   ENRY,0.0
1341,want correction     say crab animal break coconut   s true monkey   bird elephant human include course coconut octopus break coconut,1.0
1342,tummy ache,0.0
1343,divorce,0.0
1344,u waste alot time,0.0
1345,soviet UkraineDemocrats today,1.0
1346,finally take   hour complete include make note useful fully satisfied thank Steven Shawn,2.0
1347,thank lot recommendation look send email hope get soon,2.0
1348,make feel bad,0.0
1349,jpop jrock musicmonday rockin hour,2.0
1350,Ikr not know m watch,0.0
1351,congrat untouched ur uk   single m sure go ur,2.0
1352,say cos obviously Shaun lt alot lt alot   hahahahah,2.0
1353,cut wire individually,1.0
1354,view picture   saturday morning mill time   x,1.0
1355,guy winner,2.0
1356,ve play fallout notice like wtf,0.0
1357,BFF Galsgoso not   nd not see   love Zac Efron,2.0
1358,mailbox,1.0
1359,r u stick plan,1.0
1360,believe little baby   month goin fast   work soon m go to miss,0.0
1361,ngl,1.0
1362,Items new gun medic boxing glove Heavy   crossbow apart,1.0
1363,massive fucking migraine,0.0
1364,help clean   love loud music cause hubby lead guitarist local rock band,2.0
1365,higaaa,1.0
1366,look long time hear thank,2.0
1367,know bear raise new York d know s family Broker yrs till good ask,2.0
1368,like originalawesome,2.0
1369,bff take self cam webcam s narcist Hahaha,0.0
1370,kind squirrel cat love,2.0
1371,want white iPhone gs,2.0
1372,u work cubicle u need trust    rear view mirror amp doc holder,1.0
1373,cool idea,2.0
1374,wish strong man   Liars bully strong survive putin tRump,0.0
1375,h sound like have super time,2.0
1376,BEAUTIFULLY EXPLAINED great,2.0
1377,think GoCheeksGo simply marvelous,2.0
1378,s fantastic image,2.0
1379,love point creativity let systemformula dictate create work tv broadcasting director good moment break away good know structure segment need,2.0
1380,thank   uh wonder deal pic,2.0
1381,ARRGGGHHHH loaddss birthday money idea spend,0.0
1382,ha thankfully sorry absolutely boil   good good,0.0
1383,poptart process cheeseanything fit door la Microserfs board,2.0
1384,say rge Vikings find Mississippi river s native american iral story,1.0
1385,mean lot,2.0
1386,Hahah BOOM yes,2.0
1387,piss run old man try trash tent leave battle womb,0.0
1388,"thank great video 

 second wish not background music",2.0
1389,bang short,0.0
1390,Karina Facebook love add friend,2.0
1391,"Donald Trump elect president stunning political resurrection  
 election   live Donald Trump defeat Kamala Harris win historic second term president  
 election   result live Donald Trump win presidency defeat Kamala Harris",1.0
1392,wish sleep,1.0
1393,mistake   one pick   problem create,0.0
1394,date s twitter not tweet whack areltsooooooooo true,0.0
1395,think beautiful woman represent page,2.0
1396,not o ll blind will not able gorgeous face,1.0
1397,incredible storytelle second captivate,2.0
1398,Glad helpful Norza,2.0
1399,freeze frame YouTube video look like black Gilbert quotwhat Eating Gilbert Grapequot,1.0
1400,thank recommend Stuart Michael Trading channel reach invest amazing,2.0
1401,Tesla not invent buy   AC Propulsion,1.0
1402,know watch video,1.0
1403,manage control thank goodness,2.0
1404,Glad finally get adoptedshe deserve,2.0
1405,acc XDD wow talk way freakin,0.0
1406,Twitter quottweetingquot   definitely quottwitteringquot here quote ya,1.0
1407,Cmon sean man,1.0
1408,finally toke,2.0
1409,love hear writing process,2.0
1410,lovely video thank,2.0
1411,use record,1.0
1412,sorry not   enjoy surrounding   LOVE  ,2.0
1413,rain make car angrystuck traffic,0.0
1414,hi,1.0
1415,iya nih nyebelin banget tar aja deh diceritain,1.0
1416,think want walk tonight   maybe possible,2.0
1417,Wish know feel light head today   nice feeling,0.0
1418,announcer anymore japannese rapper,1.0
1419,early Yorkie not feel Hope today well yesterday miss Dad   Happy Fathers Day,2.0
1420,cool world series cause cool spawn world seed,2.0
1421,tuck nice bowl Crunchy Nut Bites,2.0
1422,ban hunting invasive specie food plentiful specie,0.0
1423,awh want sim,2.0
1424,Everytime intro whistle hear cat come run screen,2.0
1425,gamma ray scar sound k,1.0
1426,grandson Queen Victoria fight empire,1.0
1427,m sol bull think   ridic,0.0
1428,know not wait meet rock star bubba   go soooo spoilt,2.0
1429,sooo horribly cold room m freak,0.0
1430,status kinda not sense,0.0
1431,miss old studio c,1.0
1432,Debbie have great time tell start conservative tweet,1.0
1433,Ugh insomnia,0.0
1434,Glad find lot video look,2.0
1435,month later Democrats clueless smh,0.0
1436,end era,1.0
1437,heey   watch MTV not go bankrupt vh go ltbore u,1.0
1438,bad thoughtwas reply not joke unfortunately not work intended lol,0.0
1439,o m g   subscriber half hour happy day life   check channel,2.0
1440,oh hey,1.0
1441,Scripted not,0.0
1442,leave guy like introvert,0.0
1443,hang   pray listen video   find church   power prayer   need therapist ok    not   amen,2.0
1444,makin   SERVICE tour,1.0
1445,dreamthey dream thing come truewell s say sleep beautyha,1.0
1446,watch Terminator Salvation Batman,1.0
1447,aaaw need Bucks bad not Brazil   haha love dudette Xxx,2.0
1448,Ill definitely not worry not care   sleeeeep,2.0
1449,m Adobe fresco iPad pro,2.0
1450,nice sticker General Store love Alaska Great video guy,2.0
1451,jealous   super sad well come aus decth ill die   awwww not live america,0.0
1452,oh not feel silly know right hehe forgive,2.0
1453,everyday   mil pic upload Flickr   rank good day yesterday,2.0
1454,motivational subtitle,1.0
1455,Declan Rice assist   party need new contact sure,2.0
1456,Laura Soooo Sweet   look forward video xxx Love ya,2.0
1457,wow s huge monthly,2.0
1458,m junior developer start contract position easy understand cloud computing believe answer IaaS,2.0
1459,feel like random   random   AHHAHAA   GAHHH BLAH BOO ZOO HEHE rawr   lol prove bored,0.0
1460,"highlight Arsenal Madrid highlight game play day 
 respect Villa",1.0
1461,kind inhumane POS cut paw animal mother bear Spasibo Sergey Anatoly,0.0
1462,blahblahblah twitter away ve get ton study,0.0
1463,ve ride multiple time guy take gold wing nasty dirt trail   sport bike half weight total respect,2.0
1464,thinkin get uniform second period talk not mind have hogwart uniform,1.0
1465,work great monday   dear laundry win,2.0
1466,want read,0.0
1467,NOTE Shellac waterfriendly Use acrylic poly acrylic paint,0.0
1468,m surprised old civilization wind India think earth freeze obviously people temperature warm grow food,1.0
1469,intense workout able halfway m go to come later week Namaste,2.0
1470,desktop Tweetie work nicely talk iPhone App Twittelator Pro need iPhone   m,2.0
1471,Tudor get good player,2.0
1472,think want beach today kind cold,1.0
1473,good morning m excited get ready tonight,2.0
1474,hahahahahahaahahaahaha,2.0
1475,Evrybodys get hungry heart,1.0
1476,lepards olimba know hunting prowess,1.0
1477,Ugh not sleep wish Norman,0.0
1478,s amazing   Mount Kilimanjaro truly magical place mesmerize wildlife   Hope ve hador havethe chance witness majestic beauty,2.0
1479,SPX,1.0
1480,love pendant   DM sell bead store,2.0
1481,sad   not know sad,0.0
1482,suggest Miss Nancy Williams Laplace extremely good good pay bill help,2.0
1483,bout type tf long ass mid video,0.0
1484,love,2.0
1485,rona,1.0
1486,Anthropogenic Co positive impact earth,2.0
1487,proud tell apart,2.0
1488,today shit,0.0
1489,hungover brilliant night study   Exam morning,1.0
1490,government lie YEARSANDVWEN COLOUR HUNANS ITSVA FUCTION LIKE cowboysrdeye,0.0
1491,follower feel fulfilled,2.0
1492,mi,1.0
1493,find potential apartment friend mo brba effiency apt   Yay hopefully work,2.0
1494,tree unbelievable,2.0
1495,game end,0.0
1496,thanks Ricky   appreciate   good weekend,2.0
1497,time consider new day care center people send kid sick Angellina come home,0.0
1498,not wait,2.0
1499,piece process food,0.0
1500,Boooooooooooooooooooooooooooooooooo,1.0
1501,not pull leg mean inspirational know,2.0
1502,oh gosh watch ET today think racoon try eat face,0.0
1503,Slaughter Pft get not,1.0
1504,love art drift,2.0
1505,big table touch screen   WOOT,2.0
1506,understand assignment,1.0
1507,sorry forgot   Haha,1.0
1508,work hardi get feelingi hit ceiling FOOTLOOSE,1.0
1509,paradise,2.0
1510,kind bored friday night,0.0
1511,realize hold membership gym   see bank statement,1.0
1512,bye bye   Miss american pie   drive Chevy   levy   levy dry,1.0
1513,reason bedrock seed crazy,0.0
1514,Friday   m go Disney s Saturday,2.0
1515,try good luck,2.0
1516,New York call m ready answer,2.0
1517,let specific culture profit mentality rot great institution great,0.0
1518,british own want   Federal Reserve abolish   british empire collapse,0.0
1519,sleep pool,1.0
1520,  m tryin sleep tis happen Lets nocturnal,0.0
1521,think Hozier Foy Vance write song album,1.0
1522,trump support Israel   point make,1.0
1523,not wanna stckam anymoree,0.0
1524,little foster kitten get bigchubba Winston go   b miss amazing home,2.0
1525,BEVERLY center   woman life BEAUTIFUL mother,2.0
1526,drugs drinking BEAR helps,1.0
1527,look like jewish diarrhea,0.0
1528,Glad help find   get addict lol,2.0
1529,glad know John Hampden education not go waste,2.0
1530,Trump say end war   hour   big liar comedian,0.0
1531,m sorry     learn new place today,0.0
1532,time google purple link add personal wiki need twice ll need,1.0
1533,orange tab,1.0
1534,finish sebastian night get kfc roller,1.0
1535,ok go showerI need wake night excursion    soon,1.0
1536,hate scene,0.0
1537,sus suspicious,1.0
1538,m homosexual matter homophobic love Brian lyric song sing hit raw nerve soulespecially crawl tune group,2.0
1539,guy watch Fox News everyday conservative politic day long,0.0
1540,grill steak wrap fresh cheese ravioli cream lobster ravioli basil cream strawpineorangbana smoothie,1.0
1541,not believe free video soooo people try capitalize people passion music refreshing knowledge away like thank,2.0
1542,heart good people help animal,2.0
1543,BF move   DC allday thangffresh shower baby oil imma fry outside,1.0
1544,hater baby go home early   worry Baby go way Kobe,2.0
1545,thank look forward try,2.0
1546,training far not actually boringLauras sesh grammar slightly brentesque v useful,2.0
1547,lot worldview holistic enable importance,1.0
1548,king leon good song sound good play live thank sell,2.0
1549,wake AGAINmy ear hurt mayb way layinghope go cos cry m stuck week,0.0
1550,bro think spend trillion dollar kill kid Middle East well way fund,0.0
1551,late switch   m UK m stuck NutFest Specialise employ incompetent rude halfwit,0.0
1552,welcome home m glad great time thank amazing update,2.0
1553,great thank,2.0
1554,read leave   dead  ,0.0
1555,invest GMR Infra Dish tv place order Sterlite GVK Power Expecting market deep intraday cut   Gud Nite,1.0
1556,  sunday morning m punt,1.0
1557,oh vanilla tea sound yummywhere find,2.0
1558,language need robotic heavily depend kind robotic great video learn swift kotlin,2.0
1559,beautiful pic   Viva MetroStation   come belgium,2.0
1560,thank BBC remind responsible way shape nature thank show people care positive action,2.0
1561,like change diet overwhelming learn different option benefit right choice perseverance,2.0
1562,chapter   Nightcurse,1.0
1563,man Trump obviously mentally unstable wake America total laugh stock,0.0
1564,bloody cold not understand,0.0
1565,micasss picture will not load,0.0
1566,thank sharkey,2.0
1567,yeah think majority people know exactly purpose abomination sh pose,0.0
1568,not know gap,1.0
1569,RIP Neda not deserve come,0.0
1570,Birthday   enjoy fantastic day Susan G Komen day opening event walk Aug,2.0
1571,hehe d imagine    sweetman  ,2.0
1572,mean week end suppose help Monday dang maybe learn,0.0
1573,iphoto face recodnition not work advertize,0.0
1574,person opinion need update,1.0
1575,get Petra thank return email   soon home m,2.0
1576,lol,1.0
1577,Serengeti endless plain park par excellence exciting breathtaking landscape,2.0
1578,love idea AI agent drive cost improve outcome healthcare education Constantines enthusiasm infectious not wait future hold,2.0
1579,great idea thank give nudge need,2.0
1580,m audition new movie Camp Rock,1.0
1581,oh ve   good grace look embarrassed,1.0
1582,Glee great,2.0
1583,worry ff   hope x,2.0
1584,attack dead man describe badass horror m piss not see cinematic representation event crazy,0.0
1585,shoot overcast sky perfect picture   let hope not start rain,2.0
1586,not sleep awkward amp pleasant dream,0.0
1587,"right 
 peruse passion development career",2.0
1588,hotre racer gta sa,2.0
1589,bahahaha dramatic thank,2.0
1590,Iaas   Paas,1.0
1591,BARRY,1.0
1592,God listen Martin Luther King Jrs dream speech give goosebump,2.0
1593,m go to try read book shatter think reading fun,2.0
1594,miss Flash Gordon not know s car,1.0
1595,totally agree,2.0
1596,s,2.0
1597,Zune HD e   mean game Zune HD like dream,0.0
1598,whosock CUTE love curious,2.0
1599,finished blue blood m guess time sleep haha night,1.0
1600,KFC decide double crunch tonight Mike request,1.0
1601,OMG UR avatar SPEEDWAGON WIFU ur new BEST FRIEND,2.0
1602,uhhh not play yes cook m italian,1.0
1603,check FailSafe   Actionable insight Failures Leadership Management new book pack terrific lesson learn effective option,2.0
1604,hey   sureee m holiday alsoo school bit th folk london loveyouyou,2.0
1605,hello arjanne gt account m   wheeeeee mouth hurt cause brace   new wire    patrice,0.0
1606,nearly bus station Eindhoven,1.0
1607,monster not spawn,1.0
1608,  awesome ai run,2.0
1609,not mariner play today   not watch game   buy grocery,0.0
1610,em,1.0
1611,"toilet break 
  man fall 
  tea break",1.0
1612,say like girl,1.0
1613,m cry thank rescue precious animal,2.0
1614,great video recommend different credit card bank account day lose primary discover misuse inconvenient block   react fast,2.0
1615,not time watch video want set stunning gorgeous,2.0
1616,piece paper stick lager piece paper,1.0
1617,thank cool comment come think inspire actionable    not wait talk thank view comment appreciate,2.0
1618,manager,1.0
1619,refayettnam   sound familiar quotlovelyquot burg,2.0
1620,m sad miss kitty,0.0
1621,imagine vehicle talk,1.0
1622,Cette voix cette musique nostalgicomlancolique et pourtant parfois rageuse qui fait pourtant du bien qui memporte dans cet univer plein de contrastes de doute de bonheurs   je ne sais pas expliquer si particulier mais jadore tellement Merci merci pour toujour,1.0
1623,chelsea vs arsenal   pm,1.0
1624,need set alarm clock   minute not forget save m roll forget save,1.0
1625,tired   monday,0.0
1626,bye,1.0
1627,video great Brian Thomas teach these concept well way,2.0
1628,tell tech work fucking thing turbo gasket Veloster n day fucking platform come like BMW,0.0
1629,Business Studies   happy friday   yeyyyyyyyyy happy terrible rain   x x x x,2.0
1630,good,0.0
1631,feel great tonight maybe right need love,2.0
1632,  tweet thank god woman save,2.0
1633,return DSi get   DS console   hook game,1.0
1634,not failbut not   deeply resent having revise lec     easy,2.0
1635,Fivee maybe,1.0
1636,think video,1.0
1637,amazing riding tell   guy struggle actually great rider Chris level,2.0
1638,know,1.0
1639,best documentary see silk road Scythians include nice,2.0
1640,ahhh cool green new look primark tonight   nice green,0.0
1641,Winston cute thank let,2.0
1642,thank watch,2.0
1643,red tide,1.0
1644,foot hurt   bad,0.0
1645,Omg Blown away amazing night go love speech,2.0
1646,need job toronto like nowish   hire,1.0
1647,love like song not forget,2.0
1648,yay u idea look like,0.0
1649,Andys lunch run errand head home catch work amp chore not lazy yesterday,1.0
1650,store     thank guy work nightagain,2.0
1651,World War III       WWI wwii,1.0
1652,wish night thing,1.0
1653,one take seriously ellipsis lmfao,0.0
1654,deserve play greatnoyour play world,2.0
1655,Omggggggg feel see lol,2.0
1656,like go doctor,0.0
1657,ugh good,0.0
1658,uh   encanta que est la traduccin subtitulada al espaol pero va demasiado rpido,1.0
1659,way Bridge Street buy pair TOMS,1.0
1660,degress s SUPER hot Miami   hot fry egg n stuff rediculous hurricane season,2.0
1661,tremendously borrrrre cuz u get to cook ur food Aarrrgh   ab theek hai naa,0.0
1662,actually use case haha,2.0
1663,feelin today,0.0
1664,thank hope time relax   July   LOL friend,2.0
1665,end painfully watch Tore comp amp reboot brain end w suninduce headache  ,0.0
1666,not wait conan obrien good thank kristal want cake ugh jose get super duper late,2.0
1667,hard disagree love narration Sam Elliot proud,2.0
1668,light candle lie bed watch Cari yessss,2.0
1669,awesome wait new mashup,2.0
1670,nope,1.0
1671,love reading calm peaceful healing,2.0
1672,beautiful day Georgia,2.0
1673,success not luck persistence passion,2.0
1674,lonely night   work home hang puppy till mike come home redsox game,1.0
1675,haha not worth,2.0
1676,lol s good update good day   Gia hope,2.0
1677,sumerian civilization old Babalon legend truly mindblowe,2.0
1678,thank lovely comment,2.0
1679,cantr,1.0
1680,game arsenal hahahahahahahahah,2.0
1681,good,2.0
1682,meet w TGC folk live Chlesea year exciting stuff,2.0
1683,sunny everydayno rain cold weather everI not complain sayin   sun smiley,2.0
1684,u get twitter   Oprah need,2.0
1685,definitely,2.0
1686,ready read ton book huhuhu,0.0
1687,lovin Sierra Leone,2.0
1688,video dream System probably m specte d,2.0
1689,finally understand use clip tool alpha lock haha time try watch follow,2.0
1690,looove save ve offically stiffen point not   owwie,1.0
1691,blink twice need help,1.0
1692,omfg love killer heart actually swell lmao,2.0
1693,Robert Pattinson Robert Pattinson   yummy,2.0
1694,thank share Lisa,2.0
1695,hughe character block,0.0
1696,happy birthday,2.0
1697,wait customer come money   not happen thoughanother dead Sat night Swansea Mall,0.0
1698,btc XAIK safe bag   rotation,2.0
1699,Mornin   ya weather not chat June grill month Ill b post dish   r u,0.0
1700,Gods Puritans   settler hygene   plumbing habit bad    civilization   year ago,0.0
1701,touristy eat place London close   cheer planet hollywood go,0.0
1702,xmin rid horrible call politician start governor,0.0
1703,ugh internet fckin m waitin early mornin text message,0.0
